time_s,forward_m,height_m,tilt_deg,action_delta_mean_sq_rad2,stance_speed_sq_sum,stance_samples,vertical_velocity_m_s,contact_front_left,contact_front_right,contact_middle_left,contact_middle_right,contact_rear_left,contact_rear_right,foot_height_front_left_m,foot_height_front_right_m,foot_height_middle_left_m,foot_height_middle_right_m,foot_height_rear_left_m,foot_height_rear_right_m,joint_0_rad,joint_1_rad,joint_2_rad,joint_3_rad,joint_4_rad,joint_5_rad,joint_6_rad,joint_7_rad,joint_8_rad,joint_9_rad,joint_10_rad,joint_11_rad,joint_12_rad,joint_13_rad,joint_14_rad,joint_15_rad,joint_16_rad,joint_17_rad,target_0_rad,target_1_rad,target_2_rad,target_3_rad,target_4_rad,target_5_rad,target_6_rad,target_7_rad,target_8_rad,target_9_rad,target_10_rad,target_11_rad,target_12_rad,target_13_rad,target_14_rad,target_15_rad,target_16_rad,target_17_rad
0.020000000000000004,6.391772794312774e-05,0.44884055958551017,0.17404733841614994,9.977409409058057e-05,0.014028172713987878,6,-0.0558818563530754,1,1,1,1,1,1,0.04197973129651372,0.04176485722757861,0.04172079160956188,0.04424200806556233,0.04185785635499886,0.04173592962835987,-0.0038291652897046243,0.7532377951594528,1.1149196854586583,-0.006065730451950945,0.7475279721199984,1.1176999501206641,0.005926343477326319,0.7559375255337668,1.1118712935715727,0.021783264222747987,0.7363071434468543,1.1407532070015132,0.014420113118256953,0.7531905549544142,1.1141630303137962,0.012101433367651314,0.7470051191463916,1.1174934716455787,-0.0026632381044942336,0.7521913801888769,1.1075887564731386,-0.004972241481125015,0.7663702815654415,1.1061042487002328,0.006189665861817815,0.7695229422095152,1.0979144002641923,0.016983465092391122,0.7379772913911724,1.1222155869253447,0.008176951715746,0.7630134631302593,1.1091909432694464,0.0028140621080271068,0.7595159332465743,1.0993941570044172
0.04000000000000002,0.00047673604390148847,0.44916053527538,0.21837433222203623,4.85294650454651e-05,0.00031546527542410227,5,0.08635311429128267,1,1,1,0,1,1,0.04328287811595616,0.042826167540762766,0.0427348051168836,0.045972558053033324,0.0431041253533154,0.04273351503115089,-0.00610035332716215,0.7503819140512398,1.121387713959914,-0.01233058980712374,0.7441962098278241,1.1239533348206814,0.008265980955508321,0.7544083046745209,1.1153642378343471,0.03697055196757357,0.726570401511777,1.1420350642973356,0.015629180350673174,0.7500479710833443,1.1192152196901313,0.007865474025483574,0.7431926732707095,1.1217453533176618,-0.005595111093418891,0.7492423967947166,1.1133018281289526,-0.008429204925777211,0.7681944678970528,1.109091315646201,0.010703315674799185,0.7746169928156269,1.096136398825604,0.02979021699011325,0.7233553653110887,1.1386709443332914,0.014005580083102905,0.7661018440428682,1.1157518921282135,0.005039165926993015,0.7587974721790223,1.0963449649695227
0.06000000000000004,0.0012514531851152122,0.4513158039644724,0.24441145424084068,1.5019774275627793e-05,0.0013166783231812731,5,0.1010463830204346,1,1,1,0,1,1,0.044111802392292926,0.04343954575642295,0.04331973523813751,0.04854637770398457,0.04410331187762065,0.043294821117579624,-0.00568250087239149,0.7556774507705551,1.1131247385073832,-0.015147745679866525,0.7501668223397779,1.1156278173080505,0.011753926174126954,0.7616469070785847,1.103221147518931,0.040421859790319294,0.7170873965008631,1.1410917544836772,0.01601913001408592,0.7560653773274929,1.110246320019792,0.003308759220192663,0.7501662584647494,1.1088247859113278,-0.006802531794125794,0.7444163793899138,1.1117934386428294,-0.011546586054672897,0.7685262322822922,1.11234944687063,0.014131400623991555,0.7749050709415086,1.095071896850694,0.036782847706944906,0.713689088417441,1.1451274779057523,0.015265893386380864,0.7657632558302262,1.1200656889740956,0.005138500412770136,0.7566422099016862,1.0953788381854626
0.08000000000000006,0.002173225437130334,0.45234351717629384,0.3016758865154987,1.265399864043638e-05,9.424309642871523e-05,3,0.011986989920255013,0,1,1,0,0,1,0.045263334065217875,0.043881355616072926,0.043751575984660146,0.05320139777176003,0.046407335280630874,0.04371117212876441,-0.007356236984277065,0.7514491138390444,1.1141619886048506,-0.012215133933124197,0.7504583728016032,1.1154185288564606,0.014809407609787597,0.7643895791610046,1.098308132726828,0.042555207633867366,0.7004300609980143,1.1576516706471318,0.018166566284820263,0.7589043545274191,1.1241255566330084,0.005206421879937856,0.7548576224119433,1.1009904580863263,-0.008319613036616796,0.7421697700927938,1.1097008276074465,-0.01484341125771745,0.7636464419450976,1.115562787955646,0.01732673472730275,0.7707945036109696,1.0935218206711523,0.041833838099979155,0.7062220599728132,1.1497102856508525,0.01584190452798697,0.7658888962796712,1.1232303694705925,0.004788656602618992,0.7530662506980869,1.0913808714267037
0.10000000000000007,0.003381825606253083,0.45165852705845,0.32486224784480017,1.5665984208204742e-05,0.0002077050697715571,3,-0.06226632104192017,1,1,1,0,0,1,0.044812316705967276,0.044190472760738175,0.04404024866835049,0.05257430159468837,0.04541532699905318,0.04396976672834765,-0.012238868518750829,0.7440306544478419,1.1063480229717348,-0.016787355878501758,0.7464361284751693,1.1248205838190994,0.022579503068871267,0.759954272911452,1.1049661022258548,0.04607892275487803,0.6966032623464108,1.1467166101507245,0.014146091953840971,0.7694737807253111,1.1287122184029907,0.0005556802682553524,0.7511256279011397,1.1043757978251445,-0.010270700659149748,0.7389086105855147,1.1061887773657009,-0.018608940716087,0.7574386977178654,1.1177821946205249,0.020990142399133254,0.7656796483847692,1.0912148062591345,0.04644965843352647,0.6993471724048403,1.1529889843001064,0.015304999207287643,0.7632115211422303,1.1261292749731762,0.0033554081490632906,0.7497038378863659,1.0847381601918205
0.12000000000000009,0.004945223643617772,0.4503996605400243,0.38700720588594967,2.3568879785946723e-05,0.016707675762732646,4,-0.04277039491127055,1,1,1,0,1,1,0.04476682012544664,0.044279639102128066,0.044105206319989654,0.05221913503571762,0.04404765354547524,0.04396386585130507,-0.0120545811510818,0.7365468649417725,1.114214753345424,-0.025122143786481862,0.7401497057705059,1.1375639524571837,0.030217598255849427,0.7547687139054711,1.113462271810714,0.05352230463807596,0.691590307602974,1.1540509247650121,0.014362111585752926,0.7718365763464132,1.130504443970563,-0.003770126040636145,0.7457303235461376,1.1090246039443843,-0.01241284240038694,0.7345358070562438,1.102260688417975,-0.023303344232271164,0.7489291017859968,1.120692394994081,0.025298530679101552,0.7581610654093476,1.0878278621613398,0.050396827877748726,0.6926366965071874,1.1545805575746686,0.014285987752242046,0.7593249106291201,1.1287989127685067,0.0013481171330451723,0.7462483434072381,1.0750824531605483
0.1400000000000001,0.006771205522150527,0.45050809362741545,0.5283489951907542,3.4087226152648184e-05,0.0017988699395434505,4,0.04352658502277511,1,1,1,0,0,1,0.04446646860503006,0.04426238948962535,0.04405329810372466,0.05219305137183583,0.045559443706849306,0.043768550227276076,-0.013778770849936334,0.7353777224177955,1.1160054279031366,-0.03166120214766103,0.7379457602653698,1.1418493933721598,0.03196245561195235,0.7555354296959423,1.1117607090768309,0.054852492594724835,0.6928032390919887,1.155013664584769,0.012630396624074636,0.7651030001819873,1.1326940131590295,-0.006677274954636292,0.7491379461482669,1.1002673213115821,-0.014328169039031802,0.7302565430724807,1.0982124607366852,-0.028995647208722893,0.7383607463721036,1.124944300558231,0.030752000437927147,0.7485890380786515,1.0841371055099276,0.0525279235045265,0.6865167599392455,1.1550676784422325,0.01321690626873431,0.754521973051309,1.1300183846751377,-0.001809089124467366,0.7427472068996546,1.0613752350241994
0.16000000000000011,0.009063353945156297,0.4516436546584185,0.7465669556857829,4.804026665691326e-05,0.0010322615548478463,4,0.053037921237274514,1,1,1,0,0,1,0.04426094021847171,0.04435966709680514,0.04410876473430936,0.05311844966367332,0.048785315308798066,0.04360112842468497,-0.014659855785424978,0.7372582693815499,1.1135228417867098,-0.037149418560100754,0.7380999761872387,1.1415372221174986,0.035874365202807186,0.7604390287893031,1.1032900121047673,0.05122349125968076,0.691062468500524,1.1529050153721208,0.011811779015275787,0.7526060267523523,1.1291045571791332,-0.007094915699634496,0.757769493041978,1.0823327210021094,-0.015565062290871678,0.7245220892508583,1.0932206158060467,-0.03605263221060895,0.7267776117973548,1.1306214169852145,0.037354691633738786,0.7373309887871806,1.080202239392935,0.05276614476488094,0.6808484446024784,1.1534844575886585,0.011756977494490813,0.7482629057258212,1.1301623261886258,-0.00625220064590261,0.7395346251568092,1.0441332149976397
0.18000000000000013,0.011799699518125336,0.4521287042655945,1.0490999923073965,5.3019458151623425e-05,0.0011504270578408977,2,-0.0007728714783469485,1,0,0,0,0,1,0.044186579939717835,0.04541980669039064,0.04518077867896514,0.055379595662890024,0.05257357485725489,0.04360795874612736,-0.015833188067720418,0.733450719976354,1.118852300582502,-0.04495517855480167,0.7261878628597435,1.1469150764493776,0.04585818026591939,0.7548028862693371,1.101850082028053,0.05097568456160911,0.6797482825771224,1.154513475735019,0.009278464782239737,0.736506371271625,1.1276850565931995,-0.009893370063654778,0.7654102688668861,1.06705878750731,-0.01678222447015792,0.7183777996115874,1.0893215632541928,-0.04308856253307612,0.7126432544672145,1.1373723115880887,0.04399236316165218,0.7238103453408411,1.0774165123528476,0.05230938714054474,0.6746569580860727,1.1519955435261844,0.010807944326425623,0.7410499208582167,1.129518862709847,-0.010744711248637497,0.7335048458436604,1.0293080539236263
0.20000000000000015,0.014583470640352038,0.450981903188081,1.315038635974002,5.8130415668088404e-05,0.004950107406273481,2,-0.08862827956772554,1,0,0,0,0,1,0.04403811903717736,0.04669469856536593,0.046060132038583945,0.05605389516747358,0.054400582347705145,0.044280007026446605,-0.01736685688702766,0.7247201005473447,1.1332371375840444,-0.053656304592997014,0.6973979965919375,1.1486369975837876,0.054399348819118544,0.7257914658058916,1.0749309169138483,0.050621512802794345,0.6653153685445451,1.1481347475259887,0.009731199229308799,0.7239755352042734,1.124672702759164,-0.0177461964333081,0.7602143321583796,1.0679251007714903,-0.01754992331271696,0.7110631265826742,1.0864452663757875,-0.048190095327130526,0.6956647492697535,1.1453272813603943,0.04902210893011241,0.7076973293551986,1.0781775828514149,0.05116368939902566,0.6675996765706298,1.150523714928521,0.010260854743527758,0.7322423023743183,1.127972470215472,-0.01497549425638601,0.7212434243927534,1.024937008906204
0.22000000000000017,0.016967345689555772,0.44836674569617596,1.319173812001886,8.282648279264341e-05,0.154431677061421,2,-0.13337047168771382,1,0,0,0,0,1,0.04380212832464009,0.04862098788523156,0.05336617762473869,0.05461354942576235,0.0535074394013729,0.0444816634954083,-0.019134345352302285,0.7238854222771769,1.1460008083540723,-0.05467590279243079,0.6617199203174017,1.1547559661974995,0.05468302527992582,0.6712314742869325,1.0830912345442933,0.04714338292816181,0.6476319190093358,1.1459469825264352,0.01552760863994646,0.7162022507297011,1.1222661475771754,-0.020934646221261094,0.7307958964737731,1.067172992192339,-0.018385722266460208,0.7014008095711883,1.085265629484926,-0.05050306091095841,0.6754022098285171,1.153835313260974,0.05131065444105255,0.6895207182482577,1.0828703633044303,0.05007169411346826,0.6590366443717409,1.1495513881911044,0.010265305782870346,0.7214923838359738,1.1256862110668553,-0.01799829254937483,0.7036684097644937,1.030870042215043
0.24000000000000019,0.0186810425935944,0.4452022785951767,1.391415367778719,0.00012471930518769198,0.2905432800190894,2,-0.15702985953647322,1,0,0,0,0,1,0.043615156469194005,0.04955483793231191,0.05992017458085891,0.04984544695834736,0.0511479245817171,0.04462208532296655,-0.021385280090826093,0.734496351767033,1.150491438738961,-0.047864288254023356,0.635146689659997,1.1610396736223965,0.04903035163040241,0.6383824552568069,1.0859096996106055,0.047287281237112094,0.6373393753786081,1.1437725129537817,0.012290570297035086,0.7108226090160826,1.1203093531058712,-0.019032074238215665,0.6839471009153792,1.0755811064659464,-0.018585167441950497,0.6896997990150476,1.08549490163218,-0.0496905557552048,0.6516190360850758,1.162756497362818,0.05017830461664428,0.668840044895638,1.0916363640099591,0.04868188953892686,0.648962209832178,1.148691137360352,0.010907259272418491,0.7097206531129361,1.1220291427428124,-0.019020545655049025,0.6815218197427216,1.0452990773508168
0.2600000000000002,0.019812954580857915,0.4412713948457882,1.7458077128035505,0.00017663506805757712,0.09692629924731501,2,-0.18745891141551269,1,0,0,1,0,1,0.04390578536939202,0.04942316265526869,0.06251501896404046,0.04332001356034698,0.048043112579946506,0.04422697836838735,-0.017072023611956675,0.7353798091486469,1.162390349965146,-0.03711682805181666,0.6157815560098857,1.173903246010473,0.038493529636059946,0.6239029262078155,1.1019747076072957,0.04704235616827719,0.6349088162425058,1.1480410737460371,0.005121648900127132,0.7031553955371013,1.114052751054232,-0.020874223864351813,0.6435721434437431,1.1018647834872803,-0.017756528212159697,0.6765461748819124,1.0865227642890734,-0.04549472489252977,0.6247968496785956,1.1709012590160863,0.04444938670837163,0.6446403192810872,1.1031654058551723,0.04453782045900321,0.6388969658890842,1.1461446404430213,0.011768613342880442,0.6972782750548883,1.1155983352625665,-0.018393646759154617,0.6562565683906437,1.0674198684217255
0.2800000000000002,0.020350243276407793,0.4375963207044333,1.8668321213357337,0.0002157475970770302,0.018894161182154007,3,-0.1347020019456724,1,0,0,1,0,1,0.04430243014965474,0.04841716013629832,0.0623029587202219,0.04242997915316801,0.04550889643004072,0.0442136227419703,-0.010239374232090969,0.7203715468718688,1.181481567489345,-0.030051996032299532,0.598081344616157,1.1764844113478363,0.02401055724259194,0.614454438319254,1.1239826096909777,0.043862416696413185,0.6195093006913409,1.1745599980941566,0.010386908337107105,0.6919369112905384,1.1034226739629698,-0.024313782543681946,0.6232673956654501,1.1277312533323647,-0.016371007756544487,0.6641246351195128,1.0891985414009293,-0.03765060960867859,0.595750139490607,1.1747755999725984,0.03324986356682342,0.6171193627264763,1.11524968193172,0.037259625148772145,0.6301740014310183,1.1427872215876524,0.013416470306545287,0.6850522719606925,1.1072101014387146,-0.015004975102579027,0.6295004079476005,1.093510206672392
0.3000000000000002,0.01989376666002996,0.43561463932866984,1.625572039986516,0.00023906430732512654,0.008617585619394946,2,-0.04532149907061454,1,0,0,1,1,0,0.04394771153765206,0.050215686539956395,0.0615669350842008,0.04281825210960022,0.04497436096703969,0.04518143502278063,-0.0036030834785373326,0.7074018780592987,1.1897821653458958,-0.02646048395573207,0.5760164020512047,1.1699340417869974,0.007155867719833451,0.5997950212805847,1.1320178418261757,0.039258247222055356,0.6170308147230174,1.1863339497643113,0.014540186973066435,0.674213310833457,1.1010922701091768,-0.021585707977400368,0.6138169547956698,1.1423975186168416,-0.013007378225812655,0.6513592178633438,1.0920202473163563,-0.026622345869453314,0.5683467884073042,1.1719261060967103,0.01663265205743185,0.5894880509780124,1.1260986917116553,0.025863387610383506,0.6223460663079943,1.1373042535953142,0.015247778314105453,0.6721643418353332,1.0958072527984568,-0.009006382221652188,0.6033027037662018,1.1224916437036139
0.32000000000000023,0.018148904612493223,0.43521752211931614,1.3294172538400342,0.0002368583627759205,0.05965636215717699,3,0.018725961435419443,1,0,0,1,1,0,0.043842269535204176,0.05632160738506395,0.06422957105171243,0.043023577991828876,0.0445099456001761,0.048472384980550454,4.680510937339898e-06,0.7054954499614757,1.1834827862150286,-0.014515753846005846,0.5504524102734121,1.1510174572887577,-0.013948529494000378,0.5730260269354445,1.1371460827960684,0.018679446473130065,0.6232093370398198,1.1839633665495743,0.007473592412396996,0.6579509141894732,1.1030693829855636,0.009143725989379587,0.5874457330098676,1.1605659425413157,-0.00804053161483149,0.635373886579847,1.0953470919527424,-0.013557215009596005,0.5471209508755972,1.157814344420889,-0.004722667370565591,0.5675318832177708,1.1326141965561793,0.014015073300264372,0.6118382627610042,1.1321158973021086,0.0174103671877083,0.6569850394792929,1.0829151669080537,0.0009149312134949261,0.5806061742005625,1.1521338012853974
0.34000000000000025,0.01575209123436935,0.4359529787955376,1.2919520200475165,0.000260808643202916,0.011246290490054852,2,0.03865469019761808,0,0,0,1,1,0,0.045226294182212134,0.06367042492379979,0.06872144277097497,0.0432474152251375,0.04426078086442109,0.055903241099552664,-0.0017149072949397127,0.6892968599247086,1.139246118227907,0.011309536961721284,0.5254143681811735,1.112084124793503,-0.042676628933361486,0.5482126614129734,1.1278804834420653,0.0031325833151557773,0.6294169416502559,1.1768198592807009,-0.0030715515852806786,0.6505725914991938,1.1054049126028216,0.035961611705797175,0.5498389109362735,1.1929407362568631,-0.0024645516714695195,0.6168208215145741,1.1008157277683654,0.0010189630037323004,0.5326123495058804,1.129652201872803,-0.031030325965821375,0.5520992942999271,1.1320677502879304,0.003003686451922909,0.5984576246430059,1.1278621972224414,0.020631784776667814,0.640624806963078,1.0684984347729964,0.016013129694553152,0.5621908785321775,1.179907405111018
0.36000000000000026,0.01475844838512492,0.4360739295155271,1.3068977012746334,0.0003261711921708102,0.016263152237712325,2,-0.021002555819384087,0,0,0,1,1,0,0.05496673798996393,0.06760263658064325,0.07198579899970486,0.044072401034218445,0.044187223087744226,0.06001448732994205,0.006746815455410754,0.6070025611682309,1.081558073880768,0.02887210380952488,0.5118934594894553,1.058050527884535,-0.06871876092029762,0.532290393450959,1.1142061501688936,-0.004198382871936507,0.6256881802569986,1.1766592254214825,-1.0927752196817839e-05,0.6478889182578391,1.1049142296738135,0.04432019123615643,0.5297823082133953,1.2029205175953948,0.005438247781969023,0.5981507847232561,1.1056340071464041,0.016489610233106813,0.5275349740974304,1.0851479051108253,-0.06057090723801992,0.5402523309442162,1.1225670267912229,-0.011413801330961013,0.5855831699232447,1.1204847957648336,0.023204158110875096,0.6245319590262665,1.0512911799255324,0.035026663332041144,0.5480684273188435,1.2030837215654806
0.3800000000000003,0.016170537881528356,0.4363616300712387,1.9816580996960405,0.0004008623457995906,0.01573524811133103,2,0.05173842809409342,0,0,0,1,1,0,0.07986508403308673,0.06575505382160102,0.07402791822368252,0.044460987373003524,0.043914011745942616,0.05972640155138059,0.016738857020674694,0.5152856779767867,1.119243508252499,0.02450905741212511,0.5220448468860166,0.9921428586252428,-0.09567170193564556,0.5410461983897029,1.0939516136993381,-0.0317471842187175,0.6052813064021225,1.1797001218333583,0.04745358086760782,0.6517840150358477,1.095355533108596,0.06153018411790787,0.5162047111182181,1.2142717951327104,0.011800829945365344,0.5860519761907153,1.1169790908023722,0.03191814518362253,0.5264192407151581,1.0260455077545743,-0.09181475340989156,0.5294959132467133,1.1039455680299937,-0.025008224760778054,0.5749843188632205,1.1166767800286435,0.029550882490048707,0.6133206770905938,1.0313008998361584,0.058719731200585046,0.5394590410625884,1.2177881277450036
0.4000000000000003,0.01857998351760464,0.4386129313752472,2.431939189044333,0.0005524012925927322,0.010338016900713709,2,0.11880536847526388,0,0,0,1,1,0,0.08749339935813324,0.0620913544102239,0.07890206122483426,0.04422307924279739,0.04433743477596058,0.056385064295949444,0.02527307755720161,0.5139186882761526,1.0998909622865092,0.044528127647616184,0.5546959387457318,0.9175688810534283,-0.1418472355696872,0.5389554070015713,1.0730765359238026,-0.0648692898791584,0.6026636125344884,1.1629928841827082,0.0725813284341093,0.6541385562085889,1.0759928698894807,0.08978745482102937,0.5356837350646909,1.2256756989663917,0.02041751838210924,0.571953798845316,1.1276581190043973,0.046633977964071475,0.5349691752574494,0.950490682670382,-0.12303929808171574,0.5240348272036649,1.0789466485430916,-0.04172577287017545,0.5638425265276843,1.1095497412758681,0.036229668281505666,0.6011446864056733,1.0084668775461265,0.08363467372273475,0.5342992509286082,1.228380739978264
0.4200000000000003,0.02201727161182332,0.4402387008410624,2.6775308859204516,0.0007011517062084703,0.0,0,-0.01339013788935368,0,0,0,0,0,0,0.08409632581291202,0.059554008192598096,0.08473534450707193,0.045190127589781276,0.045421765597149416,0.054995949462280286,0.037469418276032465,0.5483610258648342,1.141696137978531,0.07579915716790318,0.5859880494766984,0.8327175459689923,-0.17226035610540572,0.5275916827641147,1.0370703963461314,-0.08693270937946557,0.5962594099886267,1.1458767079053997,0.050463475515677945,0.6415429406770379,0.9887213242542369,0.12258207889007268,0.5538429763022219,1.2502262712202086,0.03217553819360406,0.5533756528234717,1.1364641943463916,0.06025065294120741,0.5553049847348585,0.8632503589597605,-0.15152960540549687,0.5242604424808425,1.0502120849464036,-0.061768606708364954,0.5493417585056722,1.0988943984682504,0.042212976972608326,0.5867579015869311,0.9836515210246565,0.10743209727661249,0.5312346653356602,1.2356411918104697
0.44000000000000034,0.025960064555106372,0.4373150547541556,3.5494379345505735,0.0006685513617587322,0.0,0,-0.2818600035234783,0,0,0,0,0,0,0.08003185021025144,0.05940494346896799,0.08870536589117989,0.04526852971873141,0.05621230933440108,0.04994032104259852,0.048949176208214706,0.5884138541378039,1.1825128405190675,0.077143454363832,0.5988174310786979,0.7454182850450707,-0.1763248661308041,0.5214892711069591,1.0099732729448145,-0.08585003288709406,0.5491062154812658,1.101401004274858,0.04208865970915548,0.5656702939807533,0.932161585606157,0.14678024691745742,0.5366954434103326,1.246834928361809,0.04276904386496576,0.535868918560424,1.1496048701923804,0.07098363108633961,0.5772398775532124,0.776185276446997,-0.17423857334184334,0.5239558768957231,1.022119036151253,-0.07645049025807091,0.5318822563170303,1.0910025803110235,0.05108836117363446,0.5750676848548536,0.9578669414275948,0.12929826541692896,0.5276208651153613,1.2382344520165771
0.46000000000000035,0.02960003349524455,0.4292935800826545,3.980624959927563,0.0004052018081160134,0.0,0,-0.4816461436745456,0,0,0,0,0,1,0.07897343023960571,0.059005223353764735,0.08859076850297018,0.04631699167342723,0.06959377489346555,0.042107037962848065,0.052304887726289766,0.5611120510100912,1.1839242335351392,0.07982682227200466,0.5757698946763442,0.6855037459659014,-0.19862493836322345,0.511927294977393,0.996444571552396,-0.07375551181870758,0.4794441348150428,1.0643408088550992,0.051958350754380794,0.5017035673392028,0.9073104671466075,0.15574514512880436,0.5144147883547505,1.2355399096858417,0.05480625564214751,0.5219387054455205,1.163389246350507,0.07875559204703177,0.5903466249207917,0.7120786193546387,-0.1871054381003743,0.5243066025961539,1.004247859956187,-0.08987626147062064,0.5141838738396706,1.0886280178754928,0.06061973870102679,0.561089563544359,0.9268171377684572,0.14054940593940932,0.5204250872847958,1.2350799269292456
0.48000000000000037,0.034522713840224026,0.41864185092886974,3.1788025863252445,0.0001957461272674604,0.002980472587779459,1,-0.5297322685482124,0,0,0,1,0,1,0.08129275714671785,0.053994383949424324,0.08184056459874384,0.04493546427688083,0.06598384188989101,0.041752292989050116,0.07788289834805538,0.47252578455784433,1.1763094331906663,0.09400030179952545,0.5392975090430607,0.7127023452080496,-0.20717161010723797,0.4852995514651443,0.9937145271425653,-0.10919437328878687,0.4540512043731943,1.0690552456055193,0.0638022979073024,0.5031302326039713,0.8447033096437039,0.14214633646939037,0.49520722669962175,1.269270747115751,0.06922487463626888,0.5091904144883426,1.1794625622510448,0.08275006362393775,0.5719570352649014,0.7111145630885739,-0.19170324656908275,0.5099583544663184,0.9994160623769283,-0.10998213466614135,0.49961598073381114,1.081121666276621,0.0700377565137103,0.5525330198971808,0.8918602623882553,0.14045585814647096,0.5055781719410046,1.231602640900612
0.5000000000000003,0.04109212696030212,0.40919669932096353,1.879908420293825,0.00029340796167709373,0.03718948580742603,2,-0.3955413227701854,0,1,0,1,0,1,0.07535600376805651,0.0427377479808993,0.06680827663612829,0.042750955830736126,0.049671630650859055,0.042538502943848366,0.10101069386959348,0.4246585350492037,1.17285268746739,0.08848642195007712,0.5385641414995401,0.7364160562304227,-0.18571307433017178,0.4758277827676602,0.9915111864302023,-0.14373188285717256,0.4537208509620894,1.0810516840315605,0.08880685091998118,0.5290780733114226,0.8341458783074971,0.10566366225266588,0.48736302570109896,1.2886384549529757,0.08693869085331726,0.4925972509498142,1.1941415661163657,0.08550003099544465,0.5472877665741441,0.7277692936676304,-0.19197038704315275,0.49366718609161525,0.9996222734004627,-0.13775874643561736,0.48689359915943087,1.066931320861387,0.07706384430006545,0.541164562674578,0.8502739246935355,0.13408878700680105,0.49049468756534775,1.2289798205948221
0.5200000000000004,0.04838853823086905,0.4033813483039773,0.7032967138576668,0.0003334453453094114,0.004344071773526654,3,-0.19312566010812582,0,1,0,1,1,1,0.055416243009438565,0.040152929064689286,0.04783247189021991,0.04304501378422851,0.03759613599703762,0.043269370882373204,0.11144474639328171,0.4451273126184939,1.2048153565212838,0.08180904311530322,0.5092368569081478,0.7872966519636373,-0.17494335643298758,0.48833048855511935,1.0046167144879472,-0.1599740753754909,0.46535515639563724,1.069091287128398,0.09829862965695563,0.5485724747640943,0.827336903629308,0.08978576477501705,0.4984032063875613,1.272685091177168,0.10746022779474183,0.47580850384719636,1.209502800911568,0.08715962793950723,0.5239180743563325,0.747115495112118,-0.18965527057722958,0.47916731859342093,1.0024810108984576,-0.16671538871619013,0.47416142685258217,1.050809188672552,0.08522232264798059,0.5319755334794858,0.8033994160683227,0.1260760926463277,0.47536719798099614,1.225195471589431
0.5400000000000004,0.05686418453366799,0.40204614806658456,1.394526191112936,0.0003136040820265701,0.010217542373257917,2,0.043651174787192916,1,1,1,0,1,0,0.03776392774979012,0.041446208719640915,0.03911549515549834,0.04575718417724517,0.038717364260013404,0.04719242077611993,0.13001999692685004,0.4773680803639255,1.248454299302188,0.07366935146334719,0.4873899102399245,0.820737056779093,-0.16816793759718118,0.47827022680380726,1.0419923820747936,-0.18142300481504192,0.4798900562806143,1.033268662923234,0.10606729111363918,0.5454549108323757,0.8234115158696484,0.10421209018258737,0.5038653243920367,1.2296528131722417,0.12740524039842258,0.45816002740772527,1.2256528872554007,0.08665844272093619,0.5059391422124558,0.7673909380373232,-0.1834263769670756,0.467769130141421,1.0064359288543374,-0.19133347409038104,0.46029468242378274,1.0370712988315733,0.0953739849969163,0.5260107514793397,0.754939926502899,0.11761662894366538,0.4618185553960869,1.220030359343612
0.5600000000000004,0.06652695437539426,0.40517534322164217,2.0726179595187144,0.0003318418632363427,0.08781582079294308,4,0.24643118342529272,1,1,1,0,1,0,0.03956155839631764,0.04252718373703543,0.04074383863336173,0.055018386239260364,0.0437080842018259,0.06136854647587284,0.14543699098087987,0.4714023403359242,1.2892968246292549,0.05339623445795108,0.4798891677232555,0.8330245220609402,-0.15159433438549197,0.47783332781744997,1.059035123741904,-0.23246367233274154,0.461391120497072,1.0231219107249343,0.12625535578700092,0.5640533829350134,0.7604006857007679,0.12597733000760372,0.4591531544894173,1.19787962635931,0.1474285579257209,0.4429346876800615,1.2446449747766593,0.08462667310319898,0.48704471686305006,0.7882451040462153,-0.1752761336858203,0.4566639938239855,1.0104273484342745,-0.2123279701686716,0.44690341116581067,1.0263581554790466,0.10755976216769109,0.5259556038376059,0.7021289327242285,0.11043327074388247,0.44796691187988186,1.2121454392883222
0.5800000000000004,0.0754366725257572,0.40995315674763483,3.1155543587020755,0.0003925628119686663,0.14305490664709258,3,0.21284868062819554,1,1,1,0,0,0,0.044847775025818826,0.043667504520749495,0.0447433432637441,0.0698916307111686,0.056530552622189395,0.08490745046292555,0.1834157735000996,0.4377707279529723,1.3174719536217137,0.06645233383038747,0.4886479911287789,0.8328509794346293,-0.14131728352445275,0.45532447908692236,1.0631863813664524,-0.2580644489943643,0.4507832104573941,1.0167129771659933,0.1158258754070539,0.5862614804478585,0.585695444700634,0.10365258427508628,0.4154402524918838,1.2034332813289386,0.16862636404852205,0.42925782297203596,1.2660790407963165,0.08218682691053236,0.4679767413288011,0.8089415903590095,-0.166613829828886,0.44508480163651365,1.0143169615797156,-0.23351444148889117,0.4336855011313975,1.0132396611648902,0.12025041958393708,0.5314693705468734,0.6420959260830884,0.10373684207713603,0.433238829158126,1.2023816817316617
0.6000000000000004,0.08234953774349273,0.4118520052727342,4.34863696078465,0.00047733020038723126,0.36131007522620406,1,0.005874863777386517,1,0,0,0,0,0,0.04406780391165144,0.04803566417932381,0.045050338182496596,0.08670975867761824,0.08273376226348769,0.10126863327019461,0.21074238704025916,0.4071093433426544,1.2988322421793312,0.09208996247630344,0.46757202786205293,0.8470489463410726,-0.15429460538105327,0.4407095230013798,0.9956010332174703,-0.25507904012527377,0.4281683405123803,0.9907735417564745,0.11873520403523093,0.5298921514051539,0.5613808496432741,0.08334407563147082,0.400588979034326,1.1781237110901168,0.19155567635178625,0.41489705288592627,1.284023955436406,0.07918441663723996,0.4535290387971457,0.8320448504798523,-0.15529837848288522,0.4342388246922356,1.0173832647063994,-0.25861461394379154,0.4230394516703568,0.9957267788560443,0.13079963871053255,0.5391355165629755,0.571563070081763,0.09531391972107074,0.4208688385862246,1.1917802414611518
0.6200000000000004,0.08932154805811852,0.41019209774505333,5.216003922086805,0.0004648768192076204,0.03865551175053211,1,-0.12609487045617873,1,0,0,0,0,0,0.04374568967115472,0.053282119820014934,0.04982619464798116,0.10302805100620202,0.10780802772611917,0.10970653558521959,0.21267343511000306,0.3841028217350417,1.3261775266795608,0.08115277542921705,0.4202018027195572,0.8558701682001582,-0.15798382308753214,0.41088282437537393,1.0245750177983748,-0.2738502575333601,0.3788522065606252,0.974749543157512,0.15363665943032195,0.5254586071362697,0.4466570070627929,0.08113960328805396,0.38814169231568213,1.1634556882182536,0.2139614106765075,0.405533261131939,1.3030797246732635,0.07514619570577502,0.43921860548303326,0.8517066417960317,-0.1416386430136259,0.42648217167273406,1.022252193773178,-0.2792244735467122,0.41184710767768085,0.9867773176593342,0.1426302154819483,0.5486546062851835,0.4997166715672043,0.08341113313743007,0.409007309651987,1.17655394592808
0.6400000000000005,0.09637782986450544,0.406626700991197,5.73863378732484,0.00022291035687389498,0.0058513064159389965,1,-0.15977681078599126,1,0,0,0,0,0,0.0439056664845425,0.053725180631228026,0.05046289732609291,0.11069711161722404,0.11966218776273302,0.11024521210235455,0.22903330637491268,0.36227600793110304,1.3640057308516287,0.059930911236213816,0.39479721564722625,0.8727538235127514,-0.12074900480614968,0.4009341689324848,1.029245509973203,-0.3068012906071774,0.3496669509088169,0.9908645927293925,0.17348077074345247,0.4714241052214677,0.5301887635766673,0.06965622190907285,0.3899949407887666,1.151755964266695,0.22107787120400832,0.385598686808047,1.3246162797401686,0.07010185693583619,0.42236389813476977,0.8743900657239432,-0.1276088955263614,0.4145972682592827,1.0255070767283192,-0.2857642979078697,0.38992793645500035,0.996576206887721,0.1483910965769766,0.5237863712636073,0.5121701586122415,0.07363654125273754,0.39757442282904243,1.159953001278965
0.6600000000000005,0.10168059277230238,0.4021851079077988,6.356397433871252,0.0008946631977139145,0.004732172346649979,1,-0.22069203278348218,1,0,0,0,0,0,0.04391761910066436,0.04575572313246698,0.04564439418806113,0.10700427625352818,0.11859759616518731,0.10633789235714264,0.22756687284060734,0.33815918518357974,1.4002411382157833,0.05210933770220393,0.3844399271942689,0.902963902020857,-0.09610640621980351,0.41250935859500387,1.0167782044607765,-0.29845947692104075,0.3360791954998163,1.0506509731298423,0.15210916957600093,0.4433077943468092,0.6398530365591885,0.055591294506343945,0.40253161011966565,1.1370356823019137,0.21285846376907996,0.35562313782030186,1.3468887355967132,0.06402289120942518,0.4076516225014765,0.8972017147112024,-0.11145990704857896,0.40741625253986413,1.0294932259379415,-0.28026353494257844,0.3552790630363674,1.030637728534265,0.14627124814966852,0.4627680703790903,0.5947226047884298,0.060068889427273356,0.3881640545394021,1.1416909858513813
0.6800000000000005,0.10440089853146123,0.39595491481962186,6.30489754877443,0.001606257423668637,0.010256000163915795,1,-0.29322530625829224,1,1,1,0,0,0,0.04413934875810341,0.040146653582036396,0.04446450552570058,0.09804777523009733,0.11643167393104933,0.10252301809225339,0.2145186707697658,0.32556465031978055,1.430834172290604,0.03551948625217062,0.3563540564962763,0.9470892213058514,-0.08626053119588349,0.4090275934835962,1.0539897183549456,-0.24749096302053797,0.31414462351588546,1.1080247284844071,0.1186276727911401,0.3942866843808443,0.778696117413188,0.0411304775007493,0.38773473727827706,1.1217461051885718,0.19006986207798218,0.31530174668366495,1.3667805051099164,0.05624749345295089,0.3944329366273947,0.9243170185655913,-0.09397823315744866,0.40020685130698835,1.0318967402411312,-0.25707107366929227,0.3109841995382067,1.078985820793355,0.13784729115850253,0.3913477061088917,0.7147559270860637,0.04831728468637815,0.3796055854715905,1.1214577465443782
0.7000000000000005,0.10421072053928558,0.3895032634831156,5.258405938135306,0.00203172950160518,0.002723061388104093,2,-0.27152928362853646,0,1,1,0,0,0,0.045070257340969616,0.040964860391418806,0.04422347572096896,0.0936752747814133,0.12206042273832443,0.0956887607069167,0.17551580651922946,0.31199037475944325,1.4085471776783611,0.011092272689491537,0.33774171796963603,0.9853993460471099,-0.06542227885030438,0.3985963102144951,1.0796639345325896,-0.18339288759842456,0.27047042025161927,1.1711156883921596,0.09992152406119774,0.302459138391816,0.9156171705281982,0.026512039320978648,0.3671766198516588,1.0779814105166812,0.15375993763575296,0.2700425610832905,1.3790942838743419,0.04642071292143962,0.3868661509556009,0.9491746355587628,-0.0723957294889291,0.3996928459997946,1.0330825744277892,-0.21284254648204254,0.26152620790661646,1.1398916631432674,0.12315780680875599,0.31748103737043126,0.8462084605774628,0.03635693045045132,0.3753764896487441,1.0971893975708262
0.7200000000000005,0.10153973732068225,0.38369280162979197,4.071858710433795,0.0018509096617024229,0.007384519711684209,2,-0.24288058575281687,0,1,1,0,0,0,0.054107455550595984,0.04200823238207055,0.043779966525407304,0.09724382647791727,0.12947190313293833,0.08470494788502408,0.08939708966338454,0.23819593484745055,1.347366179496776,0.007115862190187731,0.34307317731817877,1.0004190607823,-0.04292560314200167,0.37012132611885784,1.1033291776368441,-0.12385216849376542,0.22680449784116366,1.2162713534486835,0.0869903896975757,0.20902130586293316,1.006572752506192,0.01605008955451421,0.36597870254306475,1.0574659588008675,0.11186225313744123,0.2264522382123875,1.3709958062577514,0.035225345323659916,0.3803136063753892,0.9779234834050551,-0.04940728383976182,0.3965237722610588,1.0324810163748,-0.16306679279559982,0.22016550549410954,1.1898117150874832,0.09907384717241063,0.2510016936470463,0.9711169678002031,0.023077946407132302,0.3727202429778808,1.0727720464633939
0.7400000000000005,0.09840455651280564,0.37946561555932584,2.6679746337624564,0.0016277004228718577,0.006608275410043965,2,-0.12838020424052604,0,1,1,0,0,0,0.08037410252505578,0.04284466580940419,0.04330994928217327,0.10328793448571302,0.12936491321958804,0.06850667314916803,0.020414537751307315,0.15414665282865977,1.3209726884192219,0.0021882549839589557,0.3385406343102529,1.0188082041053466,-0.014723889227958526,0.3767831639206767,1.093103866047986,-0.0712386314393128,0.16468456934029604,1.239985442534843,0.07570725670426308,0.15292991352141508,1.1204932976403725,0.01635345288000649,0.37088104908528213,1.0377358158782577,0.06494553503727789,0.19443020191218172,1.3450231565525677,0.022943925939562217,0.3723241874230428,1.0080532480984448,-0.0258955327449035,0.3919398988297043,1.0316468228174176,-0.101577109583402,0.1901267086952398,1.2293568149820953,0.0692639934167365,0.20030082559899054,1.0857047900963268,0.010034404378925459,0.37172395316870177,1.0464540594894993
0.7600000000000006,0.09530494087751701,0.3772082694805261,1.3310758214672076,0.0014254732614212267,0.006897177562014068,2,-0.11173964329258877,0,1,1,0,0,0,0.10187810284192839,0.043652805406677264,0.04344786217322985,0.10031623486929112,0.11726089229362271,0.048181146545240666,-0.0019219600905904892,0.1417737995804328,1.258640885578302,-0.007659211551083957,0.34269136391296473,1.034244563279912,0.025835150203387208,0.40630413253940256,1.053763767177299,-0.014335715795668225,0.13296859040361658,1.243685005033014,0.03043780748729692,0.1460502727501496,1.221763165479458,-0.0055866976213746165,0.37776966365735004,1.0047504693056828,0.01892171531983929,0.17570289784190235,1.2970460876010461,0.009134460777116889,0.3654384263328633,1.0370356257247326,-0.0021190631635737665,0.38904677696371626,1.0319519482463575,-0.02989072829826573,0.1695188589277834,1.2513127076119954,0.03317030763573353,0.16782419024125445,1.1856271441885227,-0.002373877829710421,0.37070229801907023,1.020123761223
0.7800000000000006,0.09184809394513897,0.37425827317497357,1.4687949489994758,0.001316721935078694,0.0,0,-0.17208908592750555,0,0,0,0,0,1,0.1113313143289813,0.045909770707164316,0.04579203920769462,0.0860104424863401,0.09841755456533566,0.03809684573311353,-0.019362347017311318,0.15713267735628775,1.1803033137197474,-0.00012804198381727414,0.3517899974557856,1.0747333524029918,0.045860380499010055,0.3951728235956148,1.0333703993625958,0.06593010283113976,0.16784270296031567,1.236199505058219,-0.05287797557032699,0.15995428142599605,1.2944338237639277,-0.041111035644626585,0.35031919595370137,1.039749460290608,-0.022208056629767346,0.16927122021551505,1.2203167048539536,-0.0054725505139888025,0.36329126876993983,1.0672009017006898,0.021352872196545854,0.3881217286754678,1.030629602800579,0.04128213165738372,0.16068442267611158,1.2471817334584598,-0.011350131177316659,0.15168679616711886,1.264691905174919,-0.0145066229384959,0.3715851444060477,0.9956958157557666
0.8000000000000006,0.09024559754452303,0.3719612198454279,1.3998072223309457,0.0014162991035122083,0.010252260994375373,1,-0.07336734043574836,0,1,0,0,0,1,0.10953580778476721,0.044742374180927746,0.04661757628747373,0.07377112702843591,0.08205487476320303,0.03872022705566078,-0.06780692612585323,0.1829885736728275,1.0714869627098726,0.00042896697653544964,0.35529261880518154,1.1179469531860722,0.04199815151354111,0.378982006599249,1.0172116854096147,0.16168082939284623,0.21226474048376137,1.2199234420456508,-0.1054619793974103,0.19343024659192518,1.3468367334249203,-0.055507555628217554,0.3338919921221892,1.0718945131569233,-0.05974297623781644,0.182802711855795,1.1188653966556863,-0.020770071198661,0.363603232384182,1.0959408011969536,0.04461754178444992,0.3889942907422794,1.027302805920818,0.11204324298121238,0.16625183287273854,1.2244802576281766,-0.05942158423305622,0.15428947067354234,1.322052672866445,-0.026360480540473394,0.3749927332924512,0.9695736475282979
0.8200000000000006,0.09357747278947998,0.3727277421355937,0.31635553692041196,0.0017271345573170037,0.3998418224961539,2,0.06673413113859915,0,1,1,0,0,1,0.09728017969995564,0.044473408090008604,0.04348481417992192,0.07280710864291326,0.07466019670258284,0.03977560146676015,-0.12344853715453322,0.23091141193386788,0.9305758372163608,-0.02401284758406677,0.3557118651553736,1.132369063514678,0.05809507120993816,0.36884975771585793,1.0241422926521866,0.21936404248565272,0.24054657292567175,1.1676320163258629,-0.11362518900390331,0.22149975028829227,1.377496709310536,-0.06082219939785886,0.3692574249701074,1.0336364563285596,-0.0913216655893575,0.21996357470896513,0.9944027163090324,-0.037061088265459174,0.36428054787381364,1.1240293067821612,0.06892593043311347,0.3868324992044105,1.0248432460463248,0.17614166986171173,0.18975017783969672,1.1817490492914926,-0.10853283200136643,0.17553664538468944,1.35709848906043,-0.03943323930296126,0.3789365630059861,0.9413225349907774
0.8400000000000006,0.10168351156724358,0.3754459229513126,1.0402227966931346,0.0021145015921221325,0.015002481527192059,2,0.10116988128824608,0,0,1,0,0,1,0.07771024764779255,0.04647773197413632,0.04338331103381382,0.08192628681866909,0.07405416284967173,0.04238957773563237,-0.14516014592009216,0.3047706639873324,0.7872296801715128,-0.06579624429094441,0.3566768527105991,1.1569919368422614,0.08187367191963262,0.35152444014464895,1.0322596637530257,0.23887017003838512,0.250828841853777,1.0973817558609416,-0.139758920670421,0.2323836703561556,1.3751131010719113,-0.06666784929407961,0.41559731859210314,0.9552269286269819,-0.11675028620484751,0.27562457724638356,0.8510223840159058,-0.054309867139907125,0.36513604182450865,1.150670307515891,0.09309760534945588,0.3811328583540399,1.0223296504364803,0.2285920170201783,0.2261307313579024,1.1232099469719987,-0.1566832199124953,0.207990212496255,1.3718506419362901,-0.05274165584243161,0.38369382852670153,0.9123949976993595
0.8600000000000007,0.11146490953745819,0.37728695844710647,1.7692926940775233,0.0022407612510568827,5.4756902123501954e-05,1,-0.002972505146963414,0,1,1,0,0,0,0.05709544474671438,0.044363156944566245,0.043741925915191104,0.09091330477911228,0.07385586720606263,0.05253720744626633,-0.13525764049737535,0.39235639331505023,0.6418763455200339,-0.09599891136294618,0.36363624848170195,1.1881743660885455,0.12382909567569898,0.35003345780981304,1.0282917173559512,0.2789720887915657,0.24984399315082442,1.0305386516275052,-0.20830413627807529,0.2485719758448193,1.3649998760182338,-0.05258792647658042,0.4267541150527724,0.8602789134906417,-0.13804552911125711,0.3412656665342423,0.7003907860231401,-0.07311534987038157,0.3658760842983921,1.1751581222960443,0.11688677819510152,0.3765180627813334,1.0181835029375894,0.2750476753367024,0.26307071921274794,1.0628738680292424,-0.19834784845981426,0.24491374203406463,1.3734771199359037,-0.06389048168247977,0.38938716520009997,0.8823692047409419
0.8800000000000007,0.12078153134431835,0.37679463021259985,2.140738350578547,0.0019761639068245343,0.015334603644251989,2,-0.07652349588498358,1,1,1,0,0,0,0.04306380661617265,0.04344784795773751,0.0439299030642295,0.08711006745812017,0.06879602272684235,0.07071742965264646,-0.14023793168114768,0.4626875835873556,0.5081886613136989,-0.09905606280155248,0.34951478052890206,1.2238996189491096,0.1663402302931852,0.3546555377595549,1.0224592036363696,0.3357424862729615,0.2704019859949539,0.9747955201317007,-0.27919991409099,0.28215541300172486,1.358378436241566,-0.06146860917589357,0.3847036111382123,0.8371314864181718,-0.15435492729575725,0.4085385951231742,0.5560910327048372,-0.09250928010245044,0.36617759055434257,1.1973956315235692,0.1401762705766264,0.3755634729753323,1.0126669831650685,0.31447061119086417,0.29428844499626156,1.011529999055206,-0.22908322423261704,0.2796899999343662,1.3666540794093296,-0.07309513672336766,0.39584311491142576,0.850423864723983
0.9000000000000007,0.12823179700720866,0.3778206893643671,1.8689152675593745,0.0012459538281350718,0.003201273412621531,2,0.07667440707139574,0,1,1,0,0,0,0.0450677796351055,0.04369163036024101,0.044462901077507305,0.06967927200751375,0.06020711025578898,0.08204394512742805,-0.13805477250753892,0.4796626115102619,0.46555670908416263,-0.12231007915181608,0.3469081284223598,1.2419880164756094,0.19761919639053807,0.3711935015662012,1.0017044313955372,0.3630252272333046,0.3239085858936656,0.9533166067754121,-0.2882914552335545,0.3302987484996286,1.346505115217588,-0.10314346744602558,0.3654394107802602,0.7870221598830991,-0.1635496994468131,0.46340841364064167,0.44228711404571325,-0.11083155525321642,0.3654449893711066,1.2184055693902276,0.16224315703880535,0.3746443433577682,1.0056528917993584,0.3367268811873914,0.31917184562717726,0.9730230953058459,-0.24671375904762863,0.3059133322952554,1.3541007491418975,-0.08236877843534882,0.4036267175149544,0.816277565752768
0.9200000000000007,0.13421823531787502,0.3775897370770123,1.7136467963640263,0.0003042811194356749,0.0012178483252724575,1,-0.1207400093939822,0,1,0,0,0,0,0.053811160277705994,0.04390591476262154,0.045278114497319305,0.05103128716477259,0.0543249936149868,0.07700136086278464,-0.1533177672033008,0.49724311813818534,0.3678190537990574,-0.1477331141163285,0.34873511908908517,1.2558416800913161,0.19826903794713632,0.3699654142983898,0.9971025140920615,0.3486654915971869,0.38044591311436526,0.9627661607575344,-0.23906505052330004,0.3535559914463895,1.34412808341281,-0.12826939846570146,0.390794039614882,0.7500839184794132,-0.1625689387382677,0.4828187688592346,0.40695393595077556,-0.12886098649133815,0.3616203183118633,1.2401172179630569,0.18359396963779298,0.370917502789529,0.9992722497093306,0.33560922712071295,0.3353240009683437,0.9538075562238095,-0.24754248127242953,0.3211409205543261,1.3379977462607708,-0.09300502391511656,0.4118905166910943,0.7812820182919912
0.9400000000000007,0.13974907071325074,0.37322358096260083,1.8046675182235565,0.00046639214118960416,0.0023749246684595547,1,-0.23636092140899395,0,1,1,1,0,0,0.055881069430883196,0.04405332321805483,0.04414592908690779,0.04323885953041737,0.050741478321461836,0.06016523042291086,-0.17190088590883465,0.41786008586199164,0.5287974143898138,-0.1613506462844191,0.3325639923365722,1.289456044770856,0.20440849810489392,0.353538795610672,1.0128628662761978,0.3131974128750051,0.3851003287875822,0.9984695787359043,-0.19181795248662645,0.3474170015471026,1.323829643077742,-0.10783582652094342,0.43581957981199293,0.7361239284896102,-0.1578099510085442,0.463232656785049,0.46916286556519216,-0.1471422126078804,0.35581629094605977,1.2602343581304398,0.20437175365360324,0.36507339350293244,0.9915390980171949,0.31840958394321456,0.3417566710926443,0.9642175447409502,-0.22792972777217171,0.3269638010917477,1.3241635092222555,-0.1037151589645862,0.4228806507225044,0.7421723519990701
0.9600000000000007,0.1448570088881673,0.3690951995413046,0.7467570989477812,0.0005219853683014578,0.002601360830953168,2,-0.17187366706834425,0,1,1,0,0,1,0.05109401281673004,0.04402490073525217,0.043845125863871626,0.045057077671999624,0.047524383121462815,0.04159358337912972,-0.16158956074610828,0.447242405841364,0.5339745450227815,-0.19558421778504892,0.3366855082744942,1.3094930087779901,0.25186055579486516,0.3409401193146743,1.021210585407892,0.27690030012482014,0.35830645979513753,1.0304056286404641,-0.18116184157143242,0.321482535703492,1.2951941194387169,-0.09125642444192272,0.4637832538078416,0.6816869921757996,-0.15270919140247127,0.4460906257708124,0.535857936037902,-0.16606083584385553,0.3490317909909183,1.2787671952062865,0.22506980783449823,0.3599434295231639,0.9839191335312873,0.3012694003792095,0.34487570591863115,0.9793246313273661,-0.20483328566008663,0.33235807358724817,1.3102252501313965,-0.11259109723334583,0.43553221471958703,0.6992767108558203
0.9800000000000008,0.1495871931032181,0.36666140747629766,0.5318944848763213,0.00044005243170529073,0.00934872170716849,3,-0.06819437370884684,1,1,1,0,1,1,0.04406868290871943,0.04394610229516627,0.0435955949480476,0.04688586699338662,0.043524379834065624,0.03895669758422332,-0.13769240633908494,0.43272226508656964,0.6366933678243019,-0.20905442322127615,0.3362179893474081,1.328852543315135,0.2795108424027994,0.33328183868310185,1.0162195614709293,0.2713384439619861,0.3566351111250761,0.9655873834955561,-0.1984417282201716,0.31754872862717537,1.274939812088345,-0.09727128140406179,0.45428274072349073,0.6745982734148841,-0.1450446843401818,0.4265579685820283,0.5916324326833574,-0.18532544460642636,0.34761745250195997,1.2955077921998681,0.24518717754034533,0.36014893716870505,0.9765622780333097,0.281987521357348,0.34482542382245657,0.9887692302542528,-0.1853714818336729,0.3317886227741751,1.2942616571030088,-0.12180417196378293,0.44959906481373785,0.6559182113521017
1.0000000000000007,0.15546212408767432,0.3677974288158079,0.751808438770378,0.0004354049153016725,0.04625825980715398,4,0.15487103819245143,1,1,1,0,0,1,0.043445194282120264,0.04393659985890036,0.04360736410679744,0.051763552158445136,0.04572507743308182,0.042944302986394345,-0.13175175802927358,0.41100428967157865,0.6846860502282172,-0.21818642160048127,0.3301548365099914,1.3452189053766046,0.28146327653055336,0.3471431599246136,0.9861767744875439,0.2654059159615869,0.3327060882278311,1.0013379565709835,-0.18877479310880227,0.32382602571215585,1.2623008756476453,-0.10953976929608723,0.47007761166434303,0.6249604218196972,-0.13778026391802428,0.41353611167780935,0.6447775775481943,-0.20423197463878112,0.3456430860610042,1.3113094902748739,0.2645043377506164,0.3590183817623286,0.9698325427177076,0.2634687144596416,0.3480361877299024,0.9982952666883403,-0.16513473090528683,0.33467972462180146,1.2787513592221704,-0.13105658477706691,0.46517434502198723,0.6076572366584341
1.0200000000000007,0.16280872655357,0.37112676831995106,1.1631080635915039,0.00045387795646912313,0.011938749908302383,3,0.11148902933589397,1,1,1,0,0,0,0.044546540335256374,0.04411348271935098,0.04390499566431322,0.051423433003709135,0.04630076772508304,0.050870128734376685,-0.12068375475444068,0.402151514812623,0.7047981086508228,-0.23923884036461585,0.35208838217304395,1.3428492391068219,0.28585832588714505,0.3518004048933862,0.9553077146506622,0.2262425749420874,0.3588960122211234,1.006568739741782,-0.13466341832054807,0.3320423168642996,1.2479471977068701,-0.14455940435004458,0.5030532671321728,0.5161065931739715,-0.1267566872624368,0.4047133667515256,0.6913044939168073,-0.22311235234032417,0.3413789236594747,1.327770463770012,0.28307620844896797,0.3546602555784714,0.9625337462574334,0.2364446114522314,0.3537881114803569,1.0025757537943087,-0.14709612538456898,0.33903039613097474,1.2581179954899047,-0.1412175165450849,0.4814910542101841,0.5545380355238894
1.0400000000000007,0.16953333116410368,0.37090079172274193,1.2831086094009845,0.00044579173725207516,0.0037672448979820723,1,-0.10666313898817875,0,0,1,0,1,0,0.04534111786546555,0.04501702960792148,0.044979532852421594,0.04671668758395153,0.04376205630244831,0.05781696995478,-0.11394453839418703,0.38240595455589066,0.750025358433999,-0.25967109907472224,0.3455679692907977,1.3625494075838895,0.29720612256407036,0.35052894807173995,0.947174935378284,0.18950137252122198,0.3737389506357396,1.004834162485418,-0.09544451253767453,0.346121824082509,1.2297818836893741,-0.16899019681833555,0.5009081320864444,0.48216008795033033,-0.11644590516822009,0.3939552529936395,0.7324463137147337,-0.24253239067030677,0.3390125944844552,1.3418819051929387,0.30071860070611,0.35232066733160056,0.9537580858682927,0.20982356249501619,0.35951745135198915,1.0049603435371008,-0.13093920643734522,0.33966698670830503,1.2374295168460103,-0.1514851240747724,0.5021535366558666,0.4982803747274238
1.0600000000000007,0.1751470497016878,0.3678789629015266,1.5939607655226098,0.0005196512083875007,0.07286531227125943,2,-0.15639545453700254,1,1,1,1,1,0,0.044046154612466415,0.044420535516791204,0.04481736288324528,0.04399860951393311,0.04431300861030643,0.05978511278092047,-0.10563780587885903,0.3567159969920396,0.7906968936232392,-0.2650403343483309,0.3261363580559029,1.3880969804956076,0.321377453130658,0.3495202031727275,0.9407475107697955,0.17754195477487786,0.3628917001288202,1.0348780480582043,-0.09333856873817228,0.343774908949669,1.2241857041439814,-0.1668498421563434,0.5328367470418633,0.3908054621034842,-0.10796565200288097,0.38765412127705695,0.774983701854169,-0.2630418054849279,0.33618430143185096,1.3534297176186585,0.3182947974599709,0.35182913057802945,0.9435486322077596,0.1902388524607312,0.36150784981319506,1.0144641992853562,-0.11214032302182216,0.34322151242091337,1.2195087848367756,-0.15974727802598637,0.5265244184266299,0.43023586978776107
1.0800000000000007,0.1800471638293511,0.36560882716160087,1.3901899802688797,0.0003365932018127322,0.024783966238280414,5,-0.04956294436434913,1,1,1,1,1,0,0.04405188533510679,0.04411084022877948,0.04439291247185015,0.04374657405013552,0.04454307511823563,0.055411656820175736,-0.09341056615055528,0.34671553142859857,0.8211563815379662,-0.288712430676463,0.3275485907324842,1.4037737802055457,0.342163413943185,0.34115141448004016,0.9367897706270236,0.15152289944985375,0.35550404638268684,1.0561173012292941,-0.08810345950090252,0.3270227889279083,1.2214200619547908,-0.1654636702863965,0.5422056837021434,0.3718591676524723,-0.09848663275272743,0.383394453251707,0.8139346516980515,-0.2786405426390469,0.3288890771644569,1.3674989505951933,0.3308989939348008,0.34607626804334174,0.9406923833930056,0.16751683463870445,0.36523170251044085,1.0219921284144051,-0.09448887169901515,0.3468628621341246,1.1985258753235337,-0.1663834694347075,0.5422373847720153,0.3844535358298262
1.1000000000000008,0.18407863182324538,0.3652105653064538,1.3105966807237486,0.000526753704692897,0.002275001737380952,3,0.045805192353906884,1,0,0,1,1,0,0.04444354046480045,0.04509360760153605,0.047345700218771325,0.04373143143700864,0.04393787738510482,0.0475715307479298,-0.08570970295166111,0.3402466033427082,0.8445832487259455,-0.2992985892461719,0.3226491378944629,1.4095745139616807,0.3408506606064652,0.3213210531889455,0.9797535588099759,0.1350042608159728,0.3526968297418233,1.061721319016181,-0.07903830597106608,0.3278171094475085,1.2043531057360681,-0.15802977446121524,0.5092493498569682,0.5035079338560026,-0.08843698793407832,0.3766177014674001,0.8494666107245402,-0.2738244969277204,0.30941316110455847,1.3832424558287093,0.3246540825007473,0.32696356083812816,0.9661808314451199,0.14294398056490057,0.3692646706506809,1.0262843087235887,-0.07861662994711573,0.3478449710152503,1.1755416115201294,-0.1659423093725193,0.5094560486842978,0.4466895013917064
1.1200000000000008,0.1879715305923705,0.36568800936419005,1.2942747455090053,0.0015946268993002589,0.021189122118203885,3,0.05751965766213479,1,0,0,1,1,0,0.04456142109925715,0.04835749504175496,0.05255750287307953,0.04358998647807438,0.04365540874000362,0.04728701007750871,-0.08227427582361338,0.33469744570849186,0.8816184034099507,-0.24887075017467555,0.29019348291668895,1.3982468950581266,0.3030014228325943,0.3025252059332512,1.047045555852527,0.1276660610702825,0.34378693624958795,1.063390393902643,-0.061114958614720126,0.34381912982443036,1.1791342640495823,-0.14681916239180007,0.45852604363398675,0.6445568315703742,-0.07771180288175786,0.3709920116696548,0.8830944107801505,-0.2509562499603749,0.2798934901502139,1.4004788114164186,0.301833542590415,0.29476279180610315,1.0145776563164068,0.11871954335875276,0.37376377188093013,1.0286352278542648,-0.06314911221648718,0.35110519221396824,1.1535605356773728,-0.1579671992087506,0.44617895160352783,0.5748346225184215
1.1400000000000008,0.1933246018723593,0.3660416034843963,0.7635849673259135,0.0021468623648587867,0.02147325336464017,3,0.06429566568856754,1,0,0,1,1,0,0.04485788641341773,0.061027591904534634,0.062045763313608615,0.043377287922553576,0.04350756232482991,0.05880573312811799,-0.07049961759392859,0.3395698775766902,0.9170561835470951,-0.18816164128992577,0.24096831960597562,1.4193218209567202,0.2456061834791969,0.2612573062724142,1.1032134190341716,0.09563150169442317,0.3433709939186424,1.0613831785662755,-0.036765864023357575,0.3382727854885655,1.1627573036727743,-0.15005564346346192,0.3644261804058712,0.7940286504968341,-0.06771647023172594,0.36509151243017013,0.9166623690532061,-0.21468630939444497,0.24432188583923606,1.4118415794096857,0.26471688797890974,0.25831181562220495,1.0736944628884946,0.09633832187717158,0.3758184384482275,1.0321050417958877,-0.048024452785326445,0.3539227172686094,1.1311443191031878,-0.1426194248205282,0.3768621552552853,0.7237446027675847
1.1600000000000008,0.20002771017212775,0.36736241469436126,0.5958468696762981,0.002163017242615724,0.03390361083735494,3,0.13009528490656255,1,0,0,1,1,0,0.0443453222484049,0.07550469139422569,0.07500594975131572,0.04332318095596985,0.04340127370266186,0.0757185070798855,-0.05217557797451143,0.3403725715495369,0.9607436494564554,-0.14207299497675502,0.1960063628703993,1.4102796532284023,0.18608489178020365,0.207718206845476,1.1530034831275324,0.06418170875479275,0.3554922164018836,1.048150569962567,-0.01809845968822818,0.3356047032045045,1.138508004253896,-0.13056328187465277,0.2795170408176432,0.9219907743489058,-0.05737201640923131,0.3582542266796746,0.9479465602687331,-0.1697796859843137,0.20897633804568339,1.4107475433104515,0.2154083846969295,0.2233266429888436,1.1323578719101992,0.07228072346977749,0.3767844525777774,1.0348605053497766,-0.03424316251562679,0.3543348179658304,1.1071734735029497,-0.12128028708365518,0.31396698988919314,0.8709686091008514
1.1800000000000008,0.20733425365609082,0.369771912792991,0.9912680037734339,0.0019845802908782903,0.0010332292534843048,3,0.1481731492567962,1,0,0,1,1,0,0.04413833856031338,0.08650294844990553,0.08670258781188481,0.04360125336069301,0.04348016033122312,0.08952647355703691,-0.04382983180227345,0.3322230310762247,0.9896917465257853,-0.10373704105326464,0.1544672433908241,1.3755803857303128,0.12576407221172842,0.169767113460709,1.1998113026734,0.04739090424758395,0.36646556641471234,1.0329286745445614,-0.008268651469346668,0.3576638621773756,1.0951019100869475,-0.08019244815938145,0.2253341870812347,1.0562691296070679,-0.04491093257708808,0.35471256013140057,0.9766847278612698,-0.12061023470400693,0.17663103725588133,1.3949928448866802,0.15539951381373174,0.18982056403397898,1.1840941070921593,0.04546234600751152,0.3797719674935358,1.0342805014872511,-0.02046752966623098,0.3576631104100938,1.0821810858705059,-0.09469352411202726,0.2596528511239298,1.006635419244491
1.2000000000000008,0.2153796411574253,0.3718646816629449,1.1996260376834935,0.0016600303841678348,0.0034885748308704423,3,0.08368959414100888,1,0,0,1,1,0,0.04426169322510928,0.09259593335269095,0.09301876088016031,0.04410757028166942,0.04382168803020767,0.09609611672543647,-0.031589848222630355,0.3289674477215155,1.0116122485739467,-0.061870954146611375,0.14358250992619734,1.3364349112192437,0.06262736612877079,0.1475125626600946,1.2302742848699932,0.014813444356772901,0.3787874080916089,1.023846640376821,-0.004082406128694931,0.36862525572988164,1.054929219349654,-0.039726563854767256,0.19699580791182905,1.17035086734677,-0.031412590953951,0.3526197391486313,1.0038644935048435,-0.07096614852567949,0.15425560725726628,1.3574167117690719,0.08800349793998119,0.16470579170437102,1.2204480767942747,0.01780646514496785,0.38305959994992933,1.0318507506826409,-0.0073566489977458065,0.361871245016788,1.0562242493727392,-0.06226563129019408,0.21978622657066998,1.1240987685579558
1.2200000000000009,0.22382198472721113,0.3722855871919311,0.9664947330983714,0.0014217788377934636,0.0043396440140492385,3,-0.029303788565180924,1,0,0,1,1,0,0.04443245358748216,0.0934760225876361,0.09266306439524091,0.04454096958195683,0.044231479976092,0.09471308703603115,-0.012989845113106774,0.3330219837392178,1.0338573576009067,-0.0056812197613199215,0.15616240457714417,1.2691421044245663,-0.008036000831835461,0.1484417837744742,1.2361650741512096,-0.030854617615168667,0.37973088401415156,1.029218080652416,0.007358119336734783,0.3649753899014129,1.0251556542153122,-0.008606513747086621,0.1859419497047231,1.2549401419010966,-0.017226368667196238,0.35090731502651346,1.0289494872746077,-0.023794797062610375,0.14595010433077998,1.2963513332963326,0.016467254481238505,0.1516838906397983,1.2364282137905005,-0.012058747842065386,0.3862982665146457,1.0274402746759825,0.004154652135978154,0.36481226632845737,1.0266526199411226,-0.024469952845366426,0.19753458516092004,1.2207007966972778
1.2400000000000009,0.23221383436948684,0.37103646422613373,0.7876727779537332,0.0013508838015639,0.0038272774417157755,3,-0.09646478840851581,1,0,0,1,1,0,0.04456886517660638,0.09299104257675042,0.08857443275287905,0.04435578754240857,0.04436339242465806,0.08776211818323656,0.0029745208559931453,0.32837316523491006,1.0659977413875121,0.05137849464612403,0.1662269503217198,1.1699851137186357,-0.0900477380502961,0.16343130916603638,1.2273933181988694,-0.06550354419173007,0.37005567595643957,1.0404320153015763,0.023092426750049872,0.36629079425445404,0.9963852995461219,0.036795377199909274,0.1964603537290232,1.319594693613853,-0.0027741032486453838,0.3512473740393508,1.0539170724201135,0.019331400905799455,0.1542325344110597,1.2112539042131545,-0.055898984243947535,0.15194375350453265,1.2311686772675905,-0.040293925895970015,0.38877266828916424,1.023949505442788,0.01595815891053569,0.3691431228441979,0.9962074774041112,0.018521350253245084,0.19195196706249196,1.293288431546491
1.260000000000001,0.24091107177377774,0.36967447315156415,0.7306315929484825,0.0014878287215372404,0.00571680098862732,3,-0.07569814989744215,1,0,0,1,1,0,0.04431196887972558,0.0916801123311774,0.08302879418547804,0.0440200124812386,0.044298185832948644,0.07878730640968787,0.02295559128584815,0.3220838064614227,1.09768461649152,0.08565328963150305,0.19232355522662795,1.0477627424876919,-0.16559271424199595,0.18261605028731942,1.191689203813502,-0.0980721548688006,0.3655214956894147,1.0442819466889952,0.03891569677530658,0.36650072060900013,0.9669084680024904,0.09040851452198612,0.22209567862554058,1.35950377854118,0.01248470749496639,0.35251468825982646,1.0781754395224925,0.05745338798645504,0.18090895122974787,1.1031993195021816,-0.1254381321896416,0.16564966733426337,1.2053912348970781,-0.0671869137788207,0.39025267356394644,1.0208349395200516,0.027911729309140827,0.3743801613225404,0.9656311966817566,0.06510699596831185,0.2019225849323,1.3414475057160733
1.280000000000001,0.24993408624108723,0.3694107261247891,0.6480795757289672,0.0017927010173873692,0.0063325748323088266,3,-0.022375775408628985,1,0,0,1,1,0,0.044082473004374595,0.08751348641394338,0.07688591793807911,0.04376942314129481,0.04421937450419722,0.07063942911736057,0.04780498864933531,0.3225016289389617,1.1228521085196357,0.10168605519731255,0.2439715658520092,0.9136895190926185,-0.22161390622027485,0.20955422717777195,1.1374623873812464,-0.1328947146478824,0.36761102185651273,1.0377440677123222,0.05734053164258091,0.36781452059673897,0.9318612749069075,0.140367653198333,0.25004228450491617,1.3766302258491687,0.028627198660250566,0.3526302074419212,1.1009852941782325,0.08983553786833676,0.22508830716897033,0.9746246523401254,-0.1886780577990245,0.19158271472902438,1.1618420248460009,-0.0937972360472357,0.3904996837775015,1.0165011454310304,0.039068674040499525,0.3784419375253852,0.9336457576301247,0.11294827365178273,0.22474264483431905,1.367657956145734
1.300000000000001,0.2584917676202199,0.3699911779737525,0.6429058373558306,0.002103585852990845,0.007537372641776561,3,-0.0075123666425286235,1,0,0,1,1,0,0.0439879870787894,0.08004626544126767,0.07002712155789112,0.04368819523890505,0.044371696175040526,0.06392519919419148,0.06686120613993858,0.3223987977733782,1.1443908044273225,0.11993311984888017,0.3091857037959437,0.7649309600527785,-0.2692549490853692,0.2450644890827509,1.0806423619144487,-0.1579777622186789,0.37026849266936257,1.027136102001554,0.07314525084314315,0.38063473075591,0.8897852128220517,0.18566437471219216,0.28052092062592493,1.3764213310622941,0.04548618630862167,0.3522176211883277,1.1231657139826767,0.11628026615586123,0.28362173973720817,0.8302685941922271,-0.24270546008704802,0.22594637406120627,1.1064550929737473,-0.11891559415525293,0.389421461280433,1.0116163115513443,0.049897181663473816,0.3826437844484068,0.901094870417754,0.15932573261487856,0.2547755991824965,1.3749525945917105
1.320000000000001,0.26622610591063545,0.37025869258612026,0.6967708716445755,0.0022289381154310143,0.00491844776800794,2,-0.043769690568571634,1,0,0,1,0,0,0.043958426565691905,0.07034049975914544,0.06191025997995256,0.043766088117576735,0.045281400026027596,0.0578897313941622,0.08037170241239786,0.3203091280812446,1.1654595046413259,0.14507426077216884,0.3817614317756764,0.6117762258597507,-0.3109429162694062,0.28607906877704314,1.0218660975911105,-0.1771962851813421,0.36901958934332885,1.0198678318250531,0.08053642379655171,0.39317703119157715,0.8560056271132541,0.2214090278247112,0.3081474361814993,1.3654151186755739,0.06307584200064476,0.35216765001318323,1.144943586264073,0.136732065239099,0.3513809339229373,0.6782277308090943,-0.2851975421340504,0.2638785595795251,1.0475071303995942,-0.14240140856205097,0.38704082010259727,1.007193224085315,0.06067705974165566,0.3876809975212319,0.8677941795920585,0.1998658835594564,0.2859819692506974,1.368079318547486
1.340000000000001,0.2734195290626653,0.36933740269530996,0.5051687130846969,0.0019589760964500804,0.003816413855858803,2,-0.10413602666794247,1,0,0,1,0,0,0.04394988633758548,0.0597804205359998,0.053544341345843294,0.043845126467129125,0.045019175243659615,0.05078175754415645,0.09793233502083126,0.3221768309815211,1.186725517107697,0.16623612214659056,0.4561240173116864,0.47765734812193233,-0.33299471468586234,0.32520915066143463,0.9756638515739537,-0.1988341023464859,0.35989662480517526,1.0191958694391856,0.07709621542134594,0.4011143184845419,0.819022248198875,0.24529480451805455,0.32725781580419905,1.3452993488125176,0.0808478246828299,0.35193601273590214,1.1665806841138113,0.15076587622352491,0.4196900970484211,0.533506649594516,-0.31382030195098815,0.3003946041322468,0.9946584536394951,-0.16412998018047698,0.38282377780136867,1.0041482105601325,0.07129808979541348,0.39254103513839844,0.8331499613997283,0.22974354616880097,0.3136556983417387,1.352906423749058
1.360000000000001,0.28026646314876263,0.3671063774299253,0.2730850097114629,0.0010553046481751385,0.0038959555951860996,2,-0.14269479597973686,1,0,0,1,1,1,0.04392380990028122,0.0502389676782278,0.04633249018782637,0.043813111903228424,0.04489724191019506,0.04307809765026835,0.11807790830201634,0.32077935309242545,1.2140029219937125,0.172037159217818,0.5056979012855691,0.40362663225416784,-0.33528862252826347,0.35200931908868427,0.9506648328855296,-0.21789702770166186,0.3465747986179829,1.0210412882527518,0.0836189326752007,0.4020681892963047,0.7846802990969931,0.25515756480364477,0.33950267437158954,1.3248832501835575,0.09831664791172408,0.35128250025353824,1.1879934671326764,0.15772916777904103,0.4710915361127672,0.43085385413598576,-0.32644411001473583,0.32818530086940667,0.9586101918314494,-0.1842731046651805,0.37778343909416584,1.0015342195200772,0.08183295942348422,0.39783661216685495,0.7972607160741108,0.24436258182043655,0.33332362161731444,1.335400829534396
1.380000000000001,0.286733114476367,0.3648364071907654,0.30692649752541556,0.000195654499165957,0.0448209025136196,4,-0.06543534004184273,1,1,1,1,1,1,0.043814884078142685,0.0438317098950983,0.04315348339085834,0.04372165214339674,0.04479978286831984,0.04219283032879642,0.13245980730150717,0.3113432804324011,1.2457283873135396,0.16105033058445326,0.4962260528485793,0.44956817389382203,-0.3239622466086159,0.3510220372570517,0.964041849110092,-0.23189571955163726,0.339754019627249,1.0156573333691283,0.09771245986288606,0.4078733613560694,0.7453928672282195,0.24688731324817076,0.33124977636418546,1.3190426068877192,0.11576948683688686,0.3504550517618248,1.209301236073069,0.15725266048053244,0.48025060759657834,0.4232020143019925,-0.32104053691848505,0.3425148741369868,0.9490101017342533,-0.20315485574822092,0.37286852114187385,0.9987389962703617,0.09233650974085521,0.40377529515541455,0.7600581113711568,0.23927877692548977,0.3416160120507438,1.3186561271706667
1.400000000000001,0.29271567646655744,0.3648498312460184,0.1878243301265304,0.0004783217698296758,0.009508872722295636,4,0.05805455812523934,1,0,1,1,0,1,0.04367245684904486,0.047168060074033014,0.043446985540097405,0.043731507326905034,0.045098945816344715,0.04305432635807624,0.14766512299119633,0.31327778469776474,1.262239564502591,0.1463116612070956,0.4609261983649098,0.5239388452576657,-0.3037422870283523,0.3452685090042827,0.9828779625388573,-0.24993301524329986,0.3442076398710365,0.9969553124431181,0.10990774054103519,0.41438086621568165,0.7096965860273354,0.22835557190461822,0.3255970346626873,1.306997728433766,0.1333290687547654,0.34728052183566177,1.2299640090112312,0.15103107324774445,0.4584721271180868,0.48885557864772444,-0.30169978989056245,0.34765268977930547,0.9590876433056418,-0.22064811440873297,0.368039474788356,0.9944836759165794,0.10222758301984339,0.4097661591810262,0.7222689013445058,0.2201344752718438,0.34249772779862386,1.3024532160135278
1.420000000000001,0.298385140838866,0.36656080676700414,0.10836553519234834,0.00046041909597840106,0.00697479875959948,4,0.08917260770574449,1,0,1,1,0,1,0.043675094483659915,0.05364902451593967,0.04391835394278015,0.04402782348037115,0.045152924547597256,0.04365737251260113,0.16876762762684583,0.3246876393169893,1.2657054781505064,0.13678107758505048,0.43819398989073355,0.569688650094599,-0.278846433158334,0.3483470742744535,0.9868622249375851,-0.2694526534211221,0.35316000866923214,0.9755137712540817,0.11848523340295086,0.42669064797501444,0.6628590049320446,0.2057448264220202,0.3252335094045522,1.2885904945030044,0.15237037719515667,0.3435420172201188,1.2482562558277723,0.14412620880980248,0.4400657627609497,0.5494529618614893,-0.28209706277231,0.3511941320564264,0.969898681247087,-0.24044641477364243,0.36543508876643577,0.9861555052554284,0.11110860904326468,0.41713542208339,0.6801702233396923,0.20015878130377285,0.34228826544776086,1.2872372852948564
1.440000000000001,0.3037123433763301,0.367588152907244,0.32362595586002696,0.00043628544277183885,0.003655699719997776,3,0.01919486425416049,1,0,1,0,0,1,0.04389078689715459,0.058508058175727296,0.04415968269321399,0.045224757892186246,0.04557113070566621,0.04397194684031025,0.19047563612177434,0.32821697648933024,1.2734447226384409,0.13498439533777523,0.4142064497711716,0.6271078998304167,-0.2565917279080332,0.34693008522106467,0.9909208623759883,-0.2826342344681054,0.35712714405353707,0.9691592934379606,0.12069327130052862,0.438314158877357,0.616222684455539,0.18296554213378666,0.3276367735010909,1.2724278469806254,0.1716011910875419,0.34088656977129966,1.2658694493414266,0.13661546405541436,0.4247027022886171,0.6040863961086946,-0.26203385769971343,0.3541275117403165,0.9798976515983251,-0.2604455383407409,0.3640324372472582,0.9772479659023525,0.12003731272425125,0.4267599159233368,0.6345358959301214,0.18046388106040814,0.34227507563801773,1.271310451477398
1.460000000000001,0.30911773334367476,0.3672636803762603,0.4776334494019414,0.0004334480824853375,0.002426843812534615,3,-0.038464608651556785,1,0,1,1,0,1,0.044195612921415384,0.059059585801519765,0.0442346569542606,0.0445881985106939,0.04537052294329469,0.04407455636617735,0.2073194138094918,0.3272429952489506,1.2882991094828713,0.1267420248900321,0.4026954464324031,0.6708726261136347,-0.23850247298981445,0.34237821500922044,0.999798025839393,-0.29106735907015807,0.36010109326683576,0.9680998213292953,0.12544488241070637,0.45171157968036835,0.5643402401292024,0.15798646917371695,0.3243178130418055,1.2625566477325638,0.19119040027939663,0.33996683611114653,1.2833665774238097,0.12868732644715491,0.4109217676495629,0.6542047320254666,-0.241797637398094,0.35626708630678433,0.9887218713445299,-0.28030707951960876,0.36314142850900843,0.9686850764804515,0.1293872358443278,0.43942850935568983,0.5848915869176124,0.16142518205640335,0.3423886163583206,1.2536692462906736
1.480000000000001,0.3151829223376327,0.36644155367892894,0.4864369563013306,0.00043990421987742646,0.007151491658596572,4,-0.03838268925012318,1,0,1,1,0,1,0.04439753772640595,0.05539639935538265,0.04418971517081566,0.04444749405858797,0.04510780516360502,0.04402595911919713,0.22208267588139227,0.3249239955400177,1.3074860261156618,0.1140896919898232,0.3967905503706782,0.7187473046206714,-0.2211334088934017,0.33836914600861673,1.0108789746665185,-0.30965659333931683,0.3581668891522072,0.9620552731036185,0.1423363722845727,0.4699868951635268,0.5077618119162683,0.13692240765414362,0.319870573923001,1.2508332406530285,0.2112133301401538,0.34006977056064774,1.2997871871112632,0.12028662710627461,0.3986337098199132,0.6999633785039764,-0.22146228116080718,0.3578125384994813,0.997048826548205,-0.29989248635436305,0.36345704060080475,0.9594134148823733,0.138739625018177,0.4548048815406355,0.5304202207294708,0.14261210886405218,0.3424749520143688,1.2354369764932378
1.500000000000001,0.32199797018633886,0.366145520654625,0.38518148936360624,0.0004664755022488499,0.0032211954843837077,4,-0.003063731680378224,1,0,1,1,0,1,0.044400261649771094,0.04991443114858782,0.044102322348541195,0.04438604909455707,0.045712788089720874,0.043928847466354726,0.2399981785853433,0.32282087893939143,1.3256516128192655,0.10561498812196893,0.3961418882927064,0.7623950793428614,-0.20144197335274655,0.33614557989363963,1.0195231639250988,-0.3279241455687486,0.35977770013427135,0.9498813956332874,0.16153870615615445,0.49312686343359075,0.4458472337213626,0.1204678492963476,0.32121407334663993,1.2310240982260823,0.23146362301856085,0.34086358813663953,1.3154793631600041,0.11140976524053431,0.38812056215735774,0.7423374119438517,-0.200685866028308,0.3588076812355399,1.004770062660617,-0.3190644928922821,0.36470876852088013,0.9492323151041946,0.14806348725123727,0.47393690319576576,0.4699534058413047,0.12439111673674177,0.34284074932983466,1.2167734000176784
1.5200000000000011,0.3295694349913429,0.3663812838631723,0.15906127189467412,0.0005305245850620381,0.003209834787413315,4,0.007178008102563509,1,0,1,1,0,1,0.044344111971893224,0.04536788959614224,0.04406633895718545,0.04439065481960816,0.048184101644746735,0.04389235729916832,0.2582582858374128,0.3252989590916573,1.3403516884342381,0.0971358558969651,0.39266797595335484,0.8027241151600832,-0.18086644554517176,0.3400593800012134,1.0223862348752168,-0.3473809647490107,0.3602812559272393,0.9359489066167441,0.16950276083851992,0.5208396693097499,0.3728662281681635,0.10468133827121412,0.3233509508796916,1.2072157071453244,0.252579797705158,0.34185600137411376,1.3301392272999353,0.10220969871474835,0.3796208267741621,0.7821142574484103,-0.1796583291406138,0.35969546900525107,1.0121241065528552,-0.3380394154609391,0.3661624052032807,0.9376839271837324,0.15707422869970034,0.4980386459617663,0.4004714043345406,0.10684235586433301,0.34310219514807366,1.1978484898209887
1.5400000000000011,0.3374743578049869,0.3658644458639352,0.19145770678858517,0.00019351654162958474,0.0031519710617376054,3,-0.024763158240356305,1,1,1,0,0,1,0.044355871057451784,0.04412647696160105,0.04410573464761802,0.045097005943893265,0.05169586463308895,0.04391572108468528,0.2763776760463415,0.32537252670187206,1.3583447462364555,0.08642118970178303,0.37304904358873286,0.8461555739540483,-0.15967657934418028,0.3433755276008777,1.0270678816734147,-0.36215760274099895,0.35074856448952574,0.9382368967650871,0.16620945257076283,0.5087961277256746,0.39681169051404935,0.09197296410381042,0.32272842446937916,1.186350267797432,0.26290330093346276,0.33627281211856375,1.3458125298311512,0.09262820969434514,0.373061724761085,0.8188622693268316,-0.15829154017314528,0.36118918360411456,1.0187473763548416,-0.34583142848948345,0.3586978859916343,0.9418706038298806,0.16193557137682799,0.4990492859525049,0.3836333982052536,0.09028124150765607,0.3436305379627712,1.1779655321847067
1.5600000000000012,0.3445326686891782,0.364823690650436,0.45096851757316825,0.0008313262198281033,0.008311992043158186,3,-0.005063798765453452,0,1,1,0,0,1,0.04524892861266813,0.04429502641327571,0.044115605308670425,0.047184488285963416,0.0573757082260071,0.04391765333264849,0.27090747400334,0.31572481501074073,1.3786926195855391,0.0774576248173428,0.35233726127058157,0.886945933720892,-0.1401546235001876,0.3392708850839986,1.0369470824263758,-0.34478548083290295,0.3281315135437054,1.0005962107293762,0.15545239720366688,0.4453823299561469,0.5317088441748009,0.08054135803945553,0.325013824843942,1.1664465697797024,0.2521482428143542,0.3188246760646216,1.3649166194805704,0.0825439997769042,0.36862890410000504,0.8527039885630796,-0.13583236336200025,0.3643288146560748,1.0243051686424196,-0.33298178861304123,0.3349827712425699,0.9772519419372773,0.16003712918094287,0.45364990525171905,0.4706227831342691,0.0746225821199088,0.34525534905360267,1.155427135767873
1.5800000000000012,0.35073325275814393,0.3644038252104677,0.4212254407508444,0.0017815471701099804,0.006638095592047738,3,0.025059815563990062,0,1,1,0,0,1,0.047079544815171265,0.044239342590766506,0.04398136541693354,0.050479655719280175,0.06739017762760252,0.04387203691730496,0.21870453654881816,0.29988670184435784,1.3901236528218983,0.06665011818642759,0.3484839141740562,0.9090409461337209,-0.11954073349379621,0.3321867349420734,1.0468332192824357,-0.29493689369403,0.3086846387797638,1.0591433819198544,0.14315464839029907,0.3671294680775435,0.6658473965941746,0.06241362312020488,0.3292346228403738,1.1439612809019561,0.22610966403537677,0.2907255444962849,1.3809880653665356,0.07204279998422117,0.36572269957415054,0.8877422642211825,-0.1124524292036965,0.36779185220094973,1.0290417761271713,-0.30678915531963374,0.30127505158270584,1.030263833969577,0.1505423446760304,0.38582272339344825,0.6058139945712806,0.05869477391780256,0.3472358987672415,1.1318251529563796
1.6000000000000012,0.3573669401611519,0.36411664423975765,0.2820235435965508,0.0021937455158037742,0.005343082826082649,3,0.028346296765412088,0,1,1,0,0,1,0.054354664193054014,0.04424473112545574,0.04375232891621256,0.058951671209276746,0.07966090187209807,0.043796541859977334,0.15681018760468055,0.26646547822689115,1.39735369479576,0.052587626898966275,0.345277343382456,0.9334877220363551,-0.09223593443024046,0.33148496222734863,1.0514302069931898,-0.2366744137690177,0.2663058512223909,1.122739939201547,0.13428860808743268,0.28202869612266285,0.8135182152479014,0.045948745875481936,0.3277380429263166,1.1223665768769642,0.18747239339101318,0.2565440189461369,1.390403905969349,0.060434444837237325,0.36370021735420627,0.9226813634650162,-0.08821727632889251,0.3710559918359131,1.0326165442854895,-0.26569275903452094,0.2634248987882724,1.0914297465178124,0.1346190471340088,0.3153039648512033,0.7536152943131962,0.043314229894398926,0.3501119862204304,1.107579245936546
1.6200000000000012,0.3650634034886266,0.3645636340562167,0.4231282682443974,0.002189464165957044,0.003902953622386609,3,0.0809670557859459,0,1,1,0,0,1,0.06627082920362337,0.044408868220192216,0.04360350240983882,0.07136485258946706,0.08983892559417925,0.04375079423511663,0.11674657319112594,0.2155321361396943,1.3871584702083477,0.040822090846100986,0.3347395490957538,0.9670139956447755,-0.06544914225486334,0.3370809040587121,1.0466589742122776,-0.1844239540720671,0.21470969869211112,1.1778918237308513,0.11281370512006719,0.2200487095945021,0.9518390990842361,0.03276408785905496,0.3338688484610317,1.0923135059855285,0.14048784653729768,0.2233141343383551,1.3888137429087144,0.047561110770229106,0.361972549379111,0.9554687427481232,-0.06348973988640183,0.3735175015851463,1.0348617508767775,-0.2105479130499001,0.2263063145952608,1.1524018177216104,0.11304543080139987,0.2528503307869707,0.8979856953274415,0.02896059713938333,0.35326414148789653,1.0817182139842292
1.6400000000000012,0.37341635152003333,0.36603630085878897,0.532440756823659,0.0019047330591160194,0.004671007970592686,3,0.09970423466342043,0,1,1,0,0,1,0.07755699878344846,0.04436823429617315,0.04365585496676319,0.08224077970245275,0.09537257334796317,0.04384044720102717,0.08099724726088156,0.17656234142057897,1.34782507392559,0.026916806461062235,0.3313781713097705,0.9945644788001521,-0.037872918922446375,0.34517401224854005,1.0357948381831001,-0.1311101330633024,0.1777412835306074,1.2112982147796314,0.07204233177909287,0.18017476964985965,1.0803412362940974,0.014088053135632647,0.34508680719850127,1.055303581596618,0.09140498061743153,0.19391278910847654,1.3678226626113408,0.03380143486234537,0.3620849012528544,0.9871152866588081,-0.03897769089779347,0.3751277556378221,1.0360763505783102,-0.14712737103476983,0.19527788020435377,1.1999028748267955,0.08420705483886375,0.20241845278804016,1.029559859762175,0.014897419075635552,0.35656958910723335,1.0564499779716872
1.6600000000000013,0.3819020387552169,0.36730244083182473,0.38507814914457394,0.0015851632356853338,0.00431209820005924,3,0.04839251481866867,0,1,1,0,0,1,0.08525372253045044,0.044433447280074534,0.043851002779352416,0.08832723756167826,0.09662632319580697,0.044047077983559335,0.03231495828071526,0.16247541503753762,1.298243021756872,0.010920215209493466,0.3342970944621891,1.0197662592900347,-0.001350011124477207,0.3516973689660296,1.0277393063243472,-0.05513701199325616,0.15762840732422723,1.2365414443460003,0.028704822877005744,0.15618554696942177,1.1872983644503594,-0.0047947576868906236,0.3489580240035531,1.0223139060351045,0.043599583860063504,0.1740195268325782,1.324126872044455,0.019333673927116928,0.3630029193184993,1.0184484419137665,-0.014384583399012352,0.3774561229512714,1.0363290483518892,-0.0775592810104269,0.17331896397586852,1.2300605726581026,0.04899235943265895,0.16700449891893782,1.1416712133613571,0.0012095253407812898,0.3603696287135211,1.031074604395397
1.6800000000000013,0.3903250665957301,0.36746747734810475,0.1850596232707315,0.0013943846406645867,0.0029074491259981,3,-0.02519998239135874,0,1,1,0,0,1,0.08770533692027235,0.04496264516270915,0.0440429792624058,0.08819804176212895,0.09406960097504805,0.044237980088907725,-0.025859849373739703,0.16939141460153156,1.2236152955668433,-0.004294503868655613,0.33410754614132515,1.0537933443626508,0.03681598095474581,0.35032719646254684,1.0278842983261807,0.03666483227493286,0.16085315197243857,1.238232402745797,-0.013001797235461358,0.14756067633686207,1.26570433689037,-0.023117270485792814,0.34898882978953544,0.9941795171124038,-0.001493364052962476,0.16845994606324932,1.2566967433016347,0.004023834402775047,0.3638431395940941,1.049893706525774,0.010385780835351735,0.3795087599332748,1.0351010328427463,-0.00358595935080064,0.1633838286716076,1.2401909837558345,0.008607906826561547,0.14954410055628048,1.2321291063034812,-0.011604879398711453,0.3648928834427432,1.0052255987830698
1.7000000000000013,0.3987821639688248,0.36663562823711066,0.12122982540281853,0.0013976643403329904,0.0035519679004754217,3,-0.0711610416679933,0,1,1,0,0,1,0.0863032118877847,0.044815520525044644,0.04412547739999939,0.08396301063566214,0.08857117804150577,0.04432868437673862,-0.07503986617349676,0.19012264276967378,1.1181332882351016,-0.021658674480199768,0.3292611798103269,1.0882683004074212,0.0661175194623519,0.3451910094352505,1.0313778308568728,0.11649342963555764,0.17699031815098068,1.2192575896715303,-0.059645356513525226,0.15613162154967422,1.3244445172412371,-0.04174525302244458,0.3507658234085362,0.9670823723417034,-0.04192672248035124,0.17956593829476764,1.1645227684403487,-0.012025048488651128,0.3655269211101821,1.079611208220767,0.035028247176597804,0.3809968811192293,1.03250699166363,0.07023548717721209,0.16699254229338215,1.228345126118586,-0.03682122825756695,0.14941043633056697,1.2999189331475418,-0.02412811824629218,0.36998789440589885,0.9787877093173386
1.7200000000000013,0.40724695261880917,0.36566030175638553,0.19859221773623184,0.0015871491184841291,0.006451876806578183,3,-0.06716149506631765,0,1,1,0,0,1,0.08278154084309364,0.04425805875374672,0.04407395322284971,0.07767093298657177,0.08085508204560385,0.044362649319549974,-0.10032347899131837,0.22374959832691368,0.9961184047344875,-0.03932026476776441,0.3205647308205582,1.1211253385191962,0.09073726105281367,0.34338933703936536,1.0310136602590705,0.17691372561497615,0.19940185793840925,1.179935157653969,-0.10860693855257164,0.18259219007375632,1.3612628367070245,-0.05642041597392161,0.3552299824126312,0.9380824288251994,-0.07711418567288619,0.20872254414492156,1.0504177319869334,-0.02884804371562077,0.3667173389138249,1.1075228475281982,0.05918635135291382,0.38105112919145745,1.029016074114633,0.14045492609664453,0.18371609293052876,1.1964803144561147,-0.08523253582451866,0.16541062318206895,1.3452387991058414,-0.03620783438285549,0.3751877514244048,0.9514226899445167
1.7400000000000013,0.4152725460576301,0.36518374292444034,0.2504509003714113,0.0018862555735262086,0.007461325015705333,3,-0.04788840838308717,0,1,1,0,0,1,0.07696951320560452,0.043979729183109884,0.043988750200119636,0.07018053419524356,0.07197994431968166,0.04446636440340057,-0.11341821888925892,0.2763232688301066,0.8556027942730321,-0.05648856538665872,0.31532604693033117,1.1486492409370428,0.11495385368399828,0.3432211313651142,1.0269036263955953,0.2287332679126697,0.2310874077423638,1.1230602310378426,-0.1585706215993457,0.21692927300500747,1.3777615723341161,-0.06945799070864321,0.36130110568246243,0.9075710088729608,-0.10679298642741339,0.2538318330774129,0.9176061863468352,-0.04638456961852566,0.3672247625831049,1.1343820460861862,0.08293082695911587,0.3799858356655655,1.0248753551837468,0.20378694135744335,0.21117770017740412,1.1481572126483253,-0.1340674414249646,0.19331861061756317,1.3694504433073968,-0.04773900187611531,0.38070591175949603,0.9236162407632071
1.7600000000000013,0.4226173899854726,0.3650522175880188,0.21424080868666223,0.002142409386369295,0.007973591417571268,3,-0.04296402291205021,0,1,1,0,0,1,0.06970509606009856,0.04386595206449917,0.043927572872216714,0.06255914916863739,0.06267698805435717,0.04466871913687942,-0.13353142905475357,0.3418355954918785,0.7069417158349444,-0.07441248935263563,0.3145367190290006,1.170011254924639,0.136909573901721,0.3423625234982387,1.022313266915659,0.28028909256869594,0.2672502751442041,1.0638496401885844,-0.20588119458332418,0.2531254094980423,1.3764121129067872,-0.08205825327565203,0.36811079694217674,0.8771983038473694,-0.1302332280195453,0.31171083854860354,0.7712019327892454,-0.06427182701614453,0.3670953100031216,1.1604772994167545,0.10632626327195743,0.3786015691089051,1.0201798039598011,0.25681997014881464,0.245267040022332,1.0899409656807002,-0.1797633998896026,0.22751422547463812,1.3754029143593682,-0.05888645022023112,0.38674849933768135,0.8946316283545412
1.7800000000000014,0.4296785688268003,0.3648487453477154,0.144994686586422,0.0021596726045767555,0.009117928138179065,3,-0.05335667614215786,0,1,1,0,0,1,0.06218396231034665,0.04384921319339294,0.04388480677185916,0.055145724205380386,0.053575662904145505,0.04486039763627181,-0.15830085480036651,0.41243286446675603,0.5595580940842114,-0.09232855348259233,0.31485028732225184,1.189750456435737,0.15911333103731273,0.3402837228706932,1.0187171789438265,0.32523045508934906,0.3036271363457537,1.0069965529616853,-0.2387461579321675,0.2873760428667565,1.3647739122575913,-0.09249088092742096,0.37489034713887964,0.8466252623031887,-0.14755023442232557,0.37723009317703177,0.6210632739296474,-0.0824644353936558,0.3660412253218791,1.1856473300845047,0.12941426832466169,0.3767748044017199,1.0148820389222164,0.2977450188307274,0.28100992469104646,1.0312983056832228,-0.21756367486530861,0.2626568927447528,1.3688053468026007,-0.06963700901565031,0.39344933588142555,0.8638011206990905
1.8000000000000014,0.43704212598460795,0.36424531948897537,0.13551650688647401,0.0017068605341433241,0.008974644797772489,3,-0.06744564302415129,0,1,1,0,0,1,0.0551781332133201,0.04390003550465149,0.04383157129133869,0.048427535114989956,0.04547423362399672,0.04488221299396736,-0.1734545449628832,0.4745693691774451,0.4367455898372862,-0.10959471324221252,0.31373115316108957,1.2124959527634058,0.18258864272632477,0.3360768957801124,1.0159249365443483,0.3482052021550845,0.33446945455242777,0.965400731603424,-0.2545980079035049,0.3157453683942819,1.3508981680451897,-0.10264133369488436,0.38280124448830255,0.8138116778485951,-0.15882539872624457,0.4400764167475546,0.4863775759874339,-0.10101586816096333,0.36418263361189,1.2092935297738723,0.15212321091594389,0.3741839660712606,1.0089140754399724,0.3244771273702991,0.31269497631455134,0.9826443930266062,-0.24277384011196076,0.293113752810976,1.356090690948861,-0.08003943770135595,0.400945308575714,0.8311407765077713
1.8200000000000014,0.444851971252583,0.3633969888503099,0.3803408636288713,0.0007019467599149009,0.010651177095410072,3,-0.04775237252227796,0,1,1,1,1,1,0.04819878171598671,0.04392679242710487,0.04377530803479507,0.04349825242477873,0.04300678996411522,0.044909245567018946,-0.17350008239932613,0.5023850630029985,0.39111428028463147,-0.12478486516958368,0.30665459168326153,1.2407176444680916,0.2010514010560623,0.33245520862636363,1.010922212471601,0.34468926051030097,0.35097756547446834,0.9512244887865896,-0.2479093836716679,0.3216846510590147,1.3402779095451396,-0.11262566360504801,0.39666055379188186,0.7767511793501249,-0.16362176053502123,0.48040755649864464,0.4079864558816923,-0.1198162330395546,0.36146892846127404,1.2311955137211092,0.17424028831583435,0.3706314384084372,1.002319569373109,0.3346062325554287,0.33455103083716126,0.9546690489712194,-0.25078584455713304,0.3144472009921864,1.3424732280560432,-0.09004852466161654,0.4094026145693939,0.7962821617874267
1.8400000000000014,0.45262957605695137,0.36285711359864203,0.5477715421338156,0.0002386087510951476,0.03462168230995447,5,0.015076703789384518,1,1,1,1,1,1,0.04305983154965595,0.04387022781688371,0.04375878573770689,0.04311246050895945,0.04351029021618033,0.044845624370047826,-0.1630921855401772,0.47648841210444487,0.4746835889670968,-0.14351160939530586,0.3014201566749122,1.266321011112753,0.21899416246477377,0.33261203655842747,1.0009842090239518,0.3247465052490571,0.34607123118042954,0.9680718114221005,-0.23138284441562848,0.3190225498183759,1.3275126497085863,-0.11889373765953434,0.41121994781620236,0.7350174832691054,-0.16123922508147542,0.47536347739308216,0.43603841470452936,-0.13861002438508582,0.3579348050726218,1.251213908764612,0.19579540194568607,0.36594240892032165,0.9956295899744281,0.3258354525556181,0.3433270928408313,0.9551380112945982,-0.23777058056731348,0.32433102897863936,1.3302041005976428,-0.09981173525382762,0.41889956537382994,0.7585749921582856
1.8600000000000014,0.4596872944877763,0.3635722981244841,0.3921703990951281,0.0005466172404859572,0.06601402524185701,5,0.053228312452810796,0,1,1,1,1,1,0.04595108012536828,0.043816182414528226,0.043842297737326896,0.04376426739274,0.04404481756140191,0.04486610965328097,-0.14991936601934677,0.45061308375690257,0.5367586938510989,-0.16736348615195487,0.30889745859414874,1.2791322920181896,0.24112297050718307,0.3370271740941905,0.9841476810928985,0.2977394647350634,0.34498771467298966,0.9819539365849195,-0.20954136388022848,0.3149876086385513,1.311499495719143,-0.12182986337586066,0.4221191761288024,0.6934185892582582,-0.1553345490641126,0.4536097004333688,0.506928390383245,-0.1571349398741776,0.35263056847830254,1.2705302186277552,0.21633807331931953,0.36190651480729924,0.9888243567658125,0.30801244389796933,0.34581245390620846,0.9687381319725514,-0.2155173392211211,0.3287207471707726,1.3161424369902568,-0.10893051436050857,0.43004940059388264,0.7179779014367509
1.8800000000000014,0.46613947148593177,0.36432443238403145,0.4690984637888328,0.0004592758356824028,0.05780045215537078,5,0.020206640037673137,0,1,1,1,1,1,0.04885462144003086,0.04388936700948662,0.04405477533135185,0.044175595149904184,0.04428584531066759,0.04497458934024928,-0.14057341675407023,0.4264590937047487,0.5851441756161491,-0.18552395585564235,0.3145500074287028,1.2911160019080776,0.2569826295403855,0.3382141941603095,0.9715728636569366,0.2762888031488107,0.3480296380591554,0.9895143712622799,-0.19502942526909603,0.3140576431251833,1.2937739973417466,-0.12503181783143158,0.4394161406305965,0.6505471930590101,-0.14752092739135983,0.43461431173593357,0.5661572488319006,-0.17578960806544616,0.34953013831324997,1.2882078302489255,0.23625101166512852,0.3590472976050537,0.9818704603735701,0.2872357970265774,0.3484765969997274,0.9781985281974632,-0.1954352027895626,0.3310043573101829,1.3003124883441055,-0.1187662044027153,0.4423884334019913,0.675817339008272
1.9000000000000015,0.47242783187177045,0.36423767220802006,0.5357556836679748,0.0004402976601254168,0.021763501822658536,5,-0.0209844574023636,0,1,1,1,1,1,0.04814458516854589,0.044045183655821885,0.04431301488246417,0.044351749595384155,0.04433339145340737,0.04457457632713904,-0.13651610849841972,0.40846669193368723,0.6418069576350675,-0.20386524612333937,0.312813499931991,1.307963262562243,0.272870746294621,0.33887425896804874,0.9643592952557949,0.2570416041566535,0.3454484219206143,0.9990596218136304,-0.17797862372371884,0.31487412076927446,1.278306268770324,-0.12926487129091185,0.4575249409676782,0.6052387946843769,-0.13960453264512726,0.4201845613335585,0.6201949383514784,-0.19462329680038376,0.34641086265518906,1.3049082155236018,0.2556356436412082,0.3566422609920098,0.9743930469383534,0.26663969387269704,0.3513113146136717,0.9880062406833982,-0.17538362159685572,0.3339468700807822,1.283981270976578,-0.12822989848333827,0.4568283604236221,0.6294528452714695
1.9200000000000015,0.47919073927214373,0.36401886569907577,0.6290053353221801,0.0004314864022482682,0.00947158924694451,5,-0.002113721379707988,1,1,1,1,1,1,0.043489054498645596,0.044175444288979404,0.04444329561198526,0.04437228247064179,0.044280213111053374,0.044793574623105126,-0.12876639997672398,0.4025592522810053,0.6910845159312473,-0.2229367823426986,0.3130840593407749,1.3236496840185294,0.29239291402528966,0.3372146570442287,0.9591398147036759,0.23717073478084513,0.3457330915815444,1.0048237677226564,-0.15716800309144224,0.3137268097056389,1.2636487325958519,-0.13826736246280108,0.47348447157750706,0.5616656481647003,-0.13113348741124706,0.40823725892140605,0.6691494530073216,-0.2139577892922959,0.34337976713636426,1.3202264452076888,0.27462519636122823,0.3548385312475909,0.9663995566665353,0.2454357489865629,0.35413362623644357,0.9967202649290884,-0.15614279114124646,0.336414408571533,1.2665555475499912,-0.13766596237985965,0.47333430105613133,0.5791005176769708
1.9400000000000015,0.48615606673721196,0.36422559264604687,0.7028624024394619,0.00045044754375229865,0.005133526948426235,6,0.012694432210899005,1,1,1,1,1,1,0.0432591115493173,0.04427186619676851,0.04449866414577683,0.04435282489260722,0.04421723589456436,0.04494841183697176,-0.12064500374399101,0.3858253683693279,0.740791996583798,-0.24505874227447033,0.3132454065309164,1.3378009740547805,0.3109107782690199,0.34017032868931546,0.9492539238637613,0.21566585771263558,0.34591378087180286,1.0088025711003796,-0.13709293722439173,0.3168422594805307,1.2442875937470317,-0.1495896641054591,0.5003086763073176,0.49268974015767514,-0.12241201054946617,0.3990274942541901,0.7145987845552841,-0.2338112311173159,0.3398214945009709,1.335565200702159,0.29309985088716445,0.3524531633255566,0.9576321378557797,0.22305736561831022,0.35800126834208784,1.004291572294781,-0.13751472767410255,0.3394680300577646,1.2478300846919825,-0.14688671737961018,0.49274815486923323,0.5236605138088467
1.9600000000000015,0.49277782020912997,0.36434007621833586,0.6082174872507631,0.00048787484116133737,0.014796842884438161,6,0.001974372213460679,1,1,1,1,1,1,0.04392167290383858,0.044328900342569505,0.0447470821805738,0.04430885123817074,0.04416390205075768,0.04494969976837743,-0.1111360131022185,0.3760421568214499,0.7777731610399818,-0.2697945620696815,0.3141030392834994,1.3511390016635543,0.330584683260304,0.3439089627524852,0.9392494223329511,0.1922716613570748,0.34331476722911997,1.015467930724002,-0.11519928340095868,0.3187390760670275,1.2254282974001571,-0.1624150203184464,0.5214842667076087,0.430458935622928,-0.11317696248679439,0.3915781786719343,0.7570263672077883,-0.25422370486389745,0.3362178210399576,1.3495345995329233,0.31102610236437506,0.35062981800399157,0.9482058611556385,0.2004989875849689,0.3618951530453403,1.0111442763892873,-0.11951588605413148,0.342606397130118,1.2282000682977876,-0.15596416020943388,0.5154553221188323,0.4610955346460758
1.9800000000000015,0.49891031080034504,0.36432877975025163,0.6686068704449264,0.0005182422426712129,0.012843127104839347,5,-0.002279610043997312,1,1,1,1,1,0,0.04435474911730816,0.044404940180687275,0.04491911298894241,0.04425095384352526,0.04412072100680206,0.04501843493588861,-0.09869719653304164,0.363807430741957,0.8116661891701565,-0.28679164786095435,0.3159043293428095,1.3645122501608762,0.3441018503309568,0.3438887253875417,0.9324364501674502,0.1739809418214622,0.34408839379334544,1.0209807597875764,-0.09950684187575277,0.31937665678362065,1.2071259326171186,-0.17283264830795675,0.5505245903052973,0.3626973478142805,-0.10368985909017764,0.3845883581283923,0.7965012612524008,-0.2743847822581517,0.3326761487162859,1.3627382337303773,0.3277523780418974,0.34925920454176224,0.9389226063767608,0.1774692874101113,0.3655460307621373,1.017180179067531,-0.10238569899055064,0.3449662154627818,1.2075827284501386,-0.16451253533775909,0.5412875261407931,0.39308477158715804
2.0000000000000013,0.5045919361543997,0.36365697207404624,0.7079735869466895,0.00022013708474244692,0.003171794659198294,3,-0.01583581323787174,1,0,0,1,1,0,0.04450076346688145,0.045081987089502895,0.04613231289614467,0.04415141189002128,0.04405175828523192,0.04624751437195579,-0.08788434797662602,0.3519363207982518,0.8438239635014252,-0.2934348252104824,0.3102465536470881,1.384681728062431,0.34197418840607713,0.3335204464920767,0.9614690960413886,0.15783948251022747,0.3391407834701822,1.0307937781158338,-0.08392351132435501,0.32079206290003415,1.1905631788495454,-0.17682606311385163,0.5180986198948816,0.4316985937585901,-0.09356546844268557,0.3789451932770627,0.8332179679699566,-0.2788209817734278,0.31936821015866956,1.3776911277282022,0.3299403370848386,0.3356798032404923,0.9517587705437901,0.1533279241286836,0.3698516635034562,1.0217346926280881,-0.08598699737622847,0.34773072913847547,1.186056076123925,-0.1672735865024584,0.5297951004360253,0.40736533102333355
2.019999999999999,0.5098820826194301,0.3628485016921318,0.7655680897597145,0.00111251084531524,0.002399745206656398,3,0.0008454688360779068,1,0,0,1,1,0,0.0445210863274097,0.04596968973540233,0.04831764748639805,0.0439878234799882,0.04393934614327086,0.04792216601775903,-0.07729805763183004,0.3407887273288454,0.8741964826838251,-0.26556518573611415,0.3000157205166066,1.403130392260019,0.31171492222699215,0.3145168512521021,1.0163759074152687,0.143971053111223,0.33328208321711733,1.039785746931543,-0.06810827268307464,0.32311072028080845,1.1742568259573107,-0.16458783073371275,0.4604488175964394,0.5729426311123582,-0.08388504312137196,0.3733974764073136,0.8687971046922149,-0.26364569370818003,0.2939451811708724,1.3933995238895533,0.3141799148149252,0.30958547616236565,0.9904181890761811,0.13035360415854783,0.3730136512155116,1.0270835249783232,-0.0697522111715055,0.35006871580483523,1.1641660064423247,-0.16216300179703647,0.4770338819070666,0.5120701641835167
2.039999999999997,0.5157514699521005,0.36220169122597456,0.6404376771570446,0.0019732823938005176,0.002442999669916477,3,0.012198387328084068,1,0,0,1,1,0,0.044562261463921254,0.050617237662187786,0.05472821365768529,0.04375290054710246,0.04378102593752489,0.0524465149115797,-0.07067036076626124,0.33554957661171225,0.9038330792252905,-0.21858082888152516,0.2733803639325193,1.4179099353236897,0.2644416735856229,0.28095241217458594,1.0756785611406219,0.117746161742258,0.3280021993333278,1.046158975928538,-0.052424151574501136,0.3230661293065427,1.1569005354597135,-0.14769414435606615,0.3932795986525665,0.7180177459128182,-0.07328235079632217,0.3684661594925785,0.9017369008483906,-0.23297422489345393,0.2600617384102116,1.4079008801010364,0.2832626568436869,0.2738978666112591,1.0456400677319668,0.10557816568315198,0.3765238176806324,1.0301021636136354,-0.05458156692558723,0.352919129634714,1.141089580951143,-0.15062733122995753,0.4088493474659363,0.6553566282080495
2.0599999999999947,0.5228230043014823,0.3622032163090976,0.4714625664740654,0.0022072938870394024,0.002164298402774596,3,0.06410518844210825,1,0,0,1,1,0,0.04470346676719372,0.06138434500559381,0.0663694602029494,0.043517895965758585,0.04361171171821207,0.06100807378527892,-0.06401467062508212,0.3315921947349658,0.9371603713234568,-0.17200756896509722,0.22650183239935853,1.4176438774066258,0.21654052690310685,0.2309091273010159,1.1340141921054847,0.08226129102069847,0.32894873844240613,1.0450139657107371,-0.03769728005423891,0.3225698361994925,1.1345966608274791,-0.12812193759304244,0.3198766375823009,0.8689716830221635,-0.06240351825170185,0.3631715600732171,0.9335353892826777,-0.1911440512574643,0.2234376961498331,1.412701739372293,0.23903427155201912,0.2369499412376667,1.1061121627848836,0.08137509605171271,0.37852031819187093,1.0329823112899663,-0.0401233618774481,0.35465895622596444,1.1176256668757776,-0.13249083073589019,0.34158862826511577,0.8045807209048567
2.0799999999999925,0.5309255301912645,0.36354477291565535,0.5676496190356867,0.0020942954027899433,0.002453799966889753,3,0.11920769205706133,1,0,0,1,1,0,0.04460044571490185,0.07522045275644118,0.07904459643592199,0.04345828945565769,0.043556835700763824,0.07121744236270042,-0.052974797088251785,0.3263085056709672,0.9682776402103588,-0.12247012798441893,0.1749217627713705,1.3929830201167464,0.16647761278457696,0.18294285230858387,1.1800947173456817,0.05080990240403801,0.33913894044648835,1.0337297490000732,-0.024540723343895475,0.33045719083897357,1.1005707527731856,-0.0986400407009899,0.2633507783101027,1.000908583606042,-0.05041865822015634,0.3585230288847668,0.963100123306962,-0.14305044168523684,0.18908502094330676,1.4041758198706615,0.18359277259152512,0.20174141541423363,1.1623372707795525,0.055398587508530134,0.38095558047073796,1.0330659564623235,-0.026592327381581432,0.35676731383280197,1.0930363023849994,-0.10844105668285392,0.2823943738518447,0.9462221819946852
2.0999999999999903,0.5396571745783354,0.36564246780239024,0.6658800829110926,0.00180235585544432,0.004091842407720074,3,0.12038944488254108,1,0,0,1,1,0,0.04446282894811457,0.08743629882889958,0.08779879099833887,0.04363452609476287,0.0437036941348197,0.08091977244043339,-0.03849556748587519,0.32544917688044994,0.9941373092547426,-0.07316829550112845,0.14141840736360506,1.3557094125220803,0.10054325048842004,0.15228493460155343,1.2170716690226058,0.01698249082956207,0.3523758881411259,1.0199357235269635,-0.01124545020688005,0.3405160708165229,1.0606936899772437,-0.06464357734738893,0.21759124724632828,1.1241561406040266,-0.037647596794652474,0.35468960002167976,0.9909522553707202,-0.09307787224776218,0.16223321326371506,1.3767993664477614,0.1193504127516608,0.17308638773575258,1.206159285373431,0.028289149900150592,0.3837282997935155,1.0310172884105306,-0.013719519269819739,0.3596335950000445,1.0672672123947815,-0.07844414949421176,0.23603779248101123,1.0727885150041367
2.119999999999988,0.548608721072363,0.3672792126949821,0.6730111701490894,0.0015085412156439439,0.00484324775734059,3,0.05629272487441231,1,0,0,1,1,0,0.044539272595673945,0.09328005842509182,0.08993494530513949,0.04397432353607417,0.04399581078433687,0.08658841894524749,-0.019563801918462985,0.3261808511673498,1.0208297025344515,-0.02232100372410147,0.13809918218496867,1.2986708796044937,0.018679735977077196,0.1452027064036559,1.2363359237752298,-0.0188579671409487,0.3618586033993989,1.011950423422208,0.004434575327611768,0.34603503806251457,1.0236850836493114,-0.02620431386668984,0.19034857835720934,1.2189102200105097,-0.024233860202230183,0.3519194959613655,1.0173166504422526,-0.044569014676187305,0.1474597539761057,1.3267462440277509,0.04928484818601837,0.155033783685031,1.2317445609204307,0.00020281967136295126,0.38647662360946883,1.0279430987987968,-0.00147699184573543,0.36281369669987246,1.0395708383885442,-0.04274329022074081,0.2058448419137439,1.179491842040036
2.139999999999986,0.557462261605006,0.3674945531006413,0.6906835503344584,0.0013522021587089102,0.00696944046635126,3,-0.0317645539089149,1,0,0,1,1,0,0.04450991798510556,0.09301622308544202,0.08694130077129758,0.0443871070285595,0.04436074364374057,0.08628324672306273,0.0008861252393868421,0.32207152409444056,1.0517823032328824,0.026346255489585576,0.15347683909802415,1.2164855916243673,-0.06493365701576609,0.15497306109300105,1.2342936080850233,-0.04958259087009048,0.3627286697979018,1.0139469767770084,0.02142205631482061,0.34912231782016273,0.9925820563149405,0.01941689850233795,0.1855859845125055,1.29206423188042,-0.010000152276573958,0.3512916928190846,1.0426255237472004,0.0004473216637980275,0.1480408638730401,1.252989571520693,-0.02317514622127062,0.14938724524723623,1.2363997339159336,-0.028297250237332625,0.38905982617605284,1.024586841033313,0.010572317156768207,0.36694256100971573,1.0098986441898314,-0.0018855898775941207,0.19264051104199548,1.2632096867904887
2.1599999999999837,0.5661473787584462,0.3666495900733068,0.6985734768238535,0.001402478725565271,0.00864597569815166,3,-0.0727038159318733,1,0,0,1,1,0,0.04425712365655032,0.0893421300044602,0.08186006790636277,0.04435580420581814,0.04454425033639778,0.08051980848247256,0.01902232297828877,0.31485020259649915,1.0835021764443695,0.06286708158358992,0.1814047705713638,1.1080869680221483,-0.13664426373298105,0.17254957013494615,1.21021497061385,-0.07851414000901623,0.3590112622948201,1.0191481390653292,0.03595109501700367,0.3526697759014407,0.9631719595230978,0.06627968087483062,0.2024738894326026,1.3439395432253813,0.005129122513427032,0.3520216661486625,1.0671208753545218,0.040952261658885984,0.16656201514541547,1.155072797627974,-0.09442171190212723,0.1574182883358783,1.2198158695220909,-0.05598568248940554,0.3908736694645154,1.0211901965102104,0.022450533899886903,0.3715272237045737,0.9792853865999466,0.043214910272755494,0.1958999775698143,1.3223937674135964
2.1799999999999815,0.5745020345646683,0.36581518946596137,0.5953439726620384,0.0016456291823466805,0.007960622920402125,3,-0.06253360217266193,1,0,0,1,1,0,0.04404506626124441,0.08400561480487567,0.07624631009219196,0.04412629408884097,0.04449818495895508,0.07126458641754188,0.03612470209313249,0.3119680554693177,1.1101191739833574,0.08959945015318099,0.224814052835448,0.9781661944972172,-0.19313271042815347,0.19732831770132683,1.1650334205391257,-0.10928883149342569,0.35407468877378484,1.022696447883864,0.04944898936085109,0.35706001760804573,0.9316617184555455,0.11293233021040756,0.23269603554685067,1.370047819310017,0.021390554641799567,0.35288825776253896,1.090515679449482,0.07616942692371823,0.20305167618587455,1.0352065706818032,-0.1609049396230413,0.1782638860147258,1.183999063183212,-0.08294858897554339,0.39164424658742464,1.0169441877081358,0.033800823135252324,0.37599963032716044,0.9476345824053467,0.09082199847735187,0.21319574621581286,1.3580302743533572
2.1999999999999793,0.5822120393462853,0.3655716037340163,0.4460952283886002,0.001972070024616365,0.006840761578130217,3,-0.03703755642140093,1,0,0,1,1,0,0.0439146006911359,0.07779435910470087,0.07026017323809641,0.043908786029254576,0.044460942700951134,0.06155569861013058,0.052515304571575716,0.31366144672074864,1.1300258400473115,0.11563765348205148,0.2826918054583039,0.8344448819851766,-0.24415818445716508,0.2287362932793173,1.108263666242837,-0.1392477613429704,0.3513236532400153,1.0213969262165574,0.06162064471256157,0.3629124393954768,0.8987055441979086,0.16182429584255378,0.2669764819734654,1.3776484226160208,0.038234669379366114,0.353006754256525,1.1130829777236428,0.10546446370609107,0.2554496122872738,0.8972268748104,-0.21938516597062196,0.20953479476332226,1.1332757882918987,-0.10851352107643827,0.39105294286806036,1.0124566080390829,0.04475318095472658,0.3802638306691571,0.915196192303339,0.13837379946911282,0.24041916039634442,1.3730207428068124
2.219999999999977,0.5893594479485746,0.3657401315496109,0.3529499950889245,0.0022097291114423,0.006180251294205064,3,-0.031101275938765268,1,0,0,1,1,0,0.04387870258963536,0.07096992967177981,0.06309858153360759,0.04376581193296611,0.044516396883456016,0.05315082349180916,0.06752823784231658,0.3155128420593947,1.1474702561864238,0.1414716623366468,0.35135686501248004,0.6817629866271132,-0.2930643291682968,0.266131160327465,1.0472265220953831,-0.16631061059110896,0.3515476146407677,1.0154849265798458,0.07127975353206523,0.3704397531011841,0.865517761711423,0.20727757940695823,0.29971765691576263,1.3709010939677821,0.05548471839625883,0.35238790370109135,1.1349416086146502,0.12862959092678156,0.3197858044601647,0.7474351818196242,-0.2673296575095617,0.24692577624312628,1.0746130266311924,-0.13261152552972114,0.38906663237538824,1.008158800705655,0.055429624444334774,0.3846335391985284,0.8820594121559965,0.18209821498902073,0.27205010644575883,1.3718464178281369
2.239999999999975,0.5964501562816786,0.36567049052048317,0.284840110551095,0.002145355501438608,0.006118968384113451,3,-0.05246473861682635,1,0,0,1,1,0,0.043922489640499274,0.06370297338027417,0.05460193000478761,0.04372926275229522,0.0445979678829625,0.04627386595684435,0.08382836583965016,0.31551592185458044,1.1671614747945447,0.16083662905052468,0.4230513005922759,0.53521176018374,-0.3273021377722637,0.3058704479202556,0.9935009070466273,-0.19053283188330494,0.3509866726602387,1.0093911192273604,0.08200470529398676,0.37783543704378114,0.833062651864747,0.23909233133031726,0.3255634694712682,1.354699236028205,0.07304137382324728,0.35157879390055957,1.1563899356472207,0.14555677193494806,0.3892524257283314,0.596944810887294,-0.30251036748106386,0.2847267785640561,1.017321649039353,-0.15529771013039723,0.3857964933981665,1.0041813959723334,0.0659212014825629,0.3893719142438996,0.8480032684412527,0.21745108686355108,0.3023095472414783,1.3600099238498533
2.2599999999999727,0.6037392653620897,0.3650204950717289,0.3239653461921826,0.0015340265889629866,0.007040599310846098,3,-0.06606338370006176,1,0,0,1,1,1,0.04395797393636511,0.055863120599215804,0.045981086551558525,0.04377228755715773,0.044669456730091095,0.043070962644114835,0.10085387783831264,0.3093414731929804,1.1926177158348585,0.16960277013135394,0.4807529216132501,0.4236979895208485,-0.3387210053279152,0.3396532789500697,0.9579394206640607,-0.2073924242000519,0.3481491219730031,1.005485343816771,0.09464157207965627,0.3888592074119407,0.7988900564425798,0.24536154228613566,0.3350709708250619,1.3400533021985326,0.09070091202761786,0.35095896075911254,1.1777479467934382,0.1559569259967933,0.45124106146716153,0.4694636101257901,-0.32279953570197034,0.31657568120820717,0.9722764222010956,-0.17649896372444118,0.3815814489408011,1.0004713931595302,0.07634885468840749,0.3947098169483075,0.8129143660468984,0.23963106137837648,0.3260509887606329,1.3432262132770754
2.2799999999999705,0.610966004995851,0.3643944630789388,0.619211291379961,0.00046328693748402615,0.009853812140824442,3,-0.018228905074922835,1,0,1,1,0,1,0.043909126331368564,0.046940815966494576,0.042454335986895575,0.043844618647089356,0.04513035986736688,0.04337359076744601,0.11645582967086075,0.30019020304356336,1.218510844736047,0.16601069133975718,0.5004473857366797,0.4064775938665627,-0.3281586021558578,0.34703253517961863,0.9606741319341665,-0.21722958863166716,0.3452417505759242,1.0015353103935067,0.10489140084753447,0.40502691112770156,0.7631447218365961,0.23898155440182658,0.33481278751154275,1.3276873877390785,0.10860203680951723,0.35028426687328673,1.1990008003398307,0.15930670081885845,0.483021917162621,0.4124344077689487,-0.32611648373267293,0.3370537737276445,0.9500998584182874,-0.196308029123943,0.37674661950762056,0.9965307501066633,0.08667344483387478,0.40072873044624674,0.7767360368857524,0.24407705636813284,0.33925273729363736,1.326085758879468
2.2999999999999683,0.6178926344555099,0.36434013692444184,0.643794339731257,0.00032893328599986247,0.004897849143026862,4,0.03340990484869301,1,1,1,1,0,1,0.043824338728621154,0.04315508941489543,0.043001150918924536,0.04390187066266135,0.04500351834737781,0.043848489522588574,0.13511650106446388,0.30344249960131964,1.2341737624214562,0.1538155478684336,0.468830335928124,0.5001148028096706,-0.3054519522138699,0.34776201290876707,0.9720760285819503,-0.23336276449805413,0.3408579453652775,0.9960210039754421,0.1033759915466848,0.42058971952292495,0.7231986413129178,0.22456364544592458,0.327951695794219,1.3168270155079849,0.12675719620088427,0.3485708956872074,1.2197802966285642,0.15479787253443106,0.46852436825355614,0.45958748266021826,-0.31105866345962185,0.34453072766036297,0.9554645415826053,-0.2145277955067969,0.3716448483988126,0.9925008658816887,0.09691714672605514,0.4071795830003868,0.7395722690444767,0.22884518563361483,0.3411275485837987,1.3101585058197702
2.319999999999966,0.6244092849645517,0.3653036944735908,0.38102548208652864,0.0004532917253234869,0.003634756021460802,4,0.05301430404666483,1,0,1,1,0,1,0.04385638288297364,0.04687457675883555,0.04372036676196814,0.044013388476910165,0.045379134246887415,0.04405111067517137,0.16354638658929105,0.31208876092125737,1.2431306974253291,0.14338499561451204,0.45098734675976965,0.5442946180245991,-0.27437572730946347,0.34775833187142496,0.9806637086629103,-0.25311064842313297,0.34631805536432136,0.9812315407059132,0.10352195993793316,0.4262254379928872,0.6889322653144436,0.20380033489180682,0.3254565192228559,1.3001204560116966,0.14407181777330996,0.34457078905210087,1.2404161932372306,0.14763253552066863,0.4492854770746241,0.5214811357446019,-0.29079256338253434,0.35040883933839573,0.9655521724456485,-0.23107572803224868,0.3662758221644459,0.9884931140596102,0.10671959831726084,0.41348242743025476,0.7005150556450472,0.20951679647409716,0.3423687097073444,1.2939364298961253
2.339999999999964,0.630673041647461,0.36571612813553805,0.42815772493699406,0.00046133480996924867,0.0035820397847647445,4,-0.00457191928611821,1,0,1,1,0,1,0.04403247052163395,0.05029088076408117,0.04408420463384036,0.04421708148626868,0.04679029827935652,0.04412963008783391,0.18075113092286893,0.3132370088131915,1.2586622092136883,0.13230702187140203,0.4214211840768736,0.602768101628365,-0.2537816717744156,0.3475621079918288,0.9893874665026282,-0.26829067261476985,0.3482290062611563,0.9699896602388135,0.11104818619545843,0.44122538526153404,0.6363880129375761,0.18916132567467758,0.32601022621884596,1.2821325804904014,0.1633526546115709,0.3422891471452498,1.2576270586064797,0.14018872312500782,0.43144245134623355,0.5801146585302972,-0.27127517753885166,0.35209291702553636,0.9760762717536802,-0.2520286927968037,0.3652058993094071,0.9797285532579503,0.1157557401113638,0.4225465807639624,0.6557121606460707,0.18934920280769552,0.3414409176215135,1.2788046971813762
2.3599999999999617,0.6369446769657464,0.36529973823940937,0.4586079714909246,0.00041785911694404963,0.0038144165788965515,4,-0.026356836334493594,1,0,1,1,0,1,0.04421313262375709,0.05007154211719406,0.044228732155314476,0.04442595446334777,0.049710730695109256,0.04414319412337939,0.19430361557425965,0.3109681492949694,1.2784392868122676,0.12333377859752287,0.4060087072167056,0.648860821107642,-0.23709139133572293,0.34417459305865616,1.0006369779833892,-0.28800455067102726,0.3474926790275391,0.9625882020155772,0.12645577397369384,0.4468230247178332,0.5935441612171085,0.16893784046899654,0.3242451279602786,1.2675615242943485,0.18190199362283954,0.34178102722366727,1.2760816277255567,0.13225569850778593,0.41691989121717243,0.6308716136141795,-0.2508552247135897,0.35469572487615,0.9851396313111126,-0.2703089446174543,0.36418517071091266,0.9731630847544843,0.1257958366259442,0.4343703437136771,0.6091703104444146,0.16996700421022912,0.34211074215537834,1.260933624361521
2.3799999999999595,0.6434020510291443,0.3648441817500719,0.48523696752521295,0.00044522103727293375,0.0034463889200791646,4,-0.020080606999820443,1,0,1,1,0,1,0.04426223160151718,0.045516799701230654,0.0442109497905272,0.044498340461739505,0.053122206503926184,0.044098163714121424,0.20854096806465747,0.30996670850564906,1.2964761398262508,0.11978128053262439,0.4024053682816882,0.6966281634539108,-0.22048871858435762,0.3422720449444657,1.0087396028432825,-0.3097797199441587,0.34677417007270017,0.9550787712559167,0.14363028665680994,0.4594975797889753,0.5302207296336692,0.1464338725154164,0.32225730401893626,1.2528809825634526,0.20181711738392494,0.3418784978619198,1.2920569575472007,0.12410512149682612,0.40341777248178123,0.6790109169277224,-0.2307473036092356,0.35559253374682814,0.9939588434586564,-0.2912824191287182,0.3652775149664065,0.9632088432133097,0.13486182116204962,0.4481885725326476,0.5560391697920892,0.15059965520392954,0.34186301480705744,1.243563334410058
2.3999999999999573,0.649989733078633,0.3647993048692556,0.5926865645006767,0.0004476467281000989,0.0029279537271051648,4,0.01570401956533811,1,1,1,1,0,1,0.04423890289284721,0.04376974221486779,0.04417280691976175,0.04443970625428187,0.055809841001406346,0.044050126446447624,0.22466414574377452,0.3093059743543032,1.312231040828685,0.1136893911005369,0.38805263095435455,0.7455149283886774,-0.20327568183368094,0.3421209820662148,1.013329907925262,-0.32880927824300316,0.34896603190117126,0.9442490552522512,0.15473259883457072,0.47572860268460976,0.4750982522884651,0.12718618684355787,0.3241566024359423,1.2341541648433996,0.22179394046239734,0.34196085551354105,1.308222148522143,0.11543819929420851,0.3925622028111758,0.7226294249272733,-0.21004772159449855,0.3570947977996314,1.0017328285641127,-0.3104997435619677,0.3659384896362915,0.9530803406770385,0.14409365029684867,0.4654513396554081,0.49873114293460574,0.1322946940478522,0.342501726164435,1.225252090654542
2.419999999999955,0.656683463762441,0.3653937610582156,0.5726991402121241,0.00048472510097162774,0.003836384657727239,5,0.0331234935170944,1,1,1,1,0,1,0.044262143996183556,0.04446875080287882,0.044180701445747705,0.04451258177174511,0.05712258877342588,0.04402950501868583,0.24929753928869225,0.3140517719843318,1.3228831779015346,0.10513679826172201,0.37669043214250136,0.7850580418971912,-0.17857177620182665,0.34495664351506344,1.015061333455659,-0.3461874206757304,0.3525265580737356,0.9309817037548745,0.16175825609350616,0.5005596393564873,0.40624513229324044,0.11058321516932655,0.3259010815444534,1.2125790984193439,0.2422897716536649,0.34155470374221386,1.3239542086084561,0.10641320909909827,0.3844068543940436,0.7631284752404872,-0.1887847121347987,0.35961400344747724,1.00895191095874,-0.3284057797778769,0.36585023239174197,0.9429906908854357,0.15315740534705402,0.4864891238960383,0.4344010167986659,0.11477785339232818,0.34356068402634743,1.20614453997976
2.439999999999953,0.6633124893052356,0.36560149063169967,0.5488551936391253,0.00040485568627726036,0.003323220933991632,4,-0.005395289213167575,1,1,1,0,0,1,0.04444150137066474,0.04493546625910427,0.04422259774085291,0.04512551809395349,0.057005962320665876,0.04403853370996788,0.27341670297274956,0.31711489196524045,1.336894676112469,0.09403579483041237,0.3672383935750601,0.8191120994255525,-0.15416451726459998,0.3458308460284489,1.020123433761841,-0.36085080579565465,0.35143222622600795,0.927069741746877,0.1631498721744242,0.5202111488246182,0.3587648910886995,0.09514434524097196,0.32613147780305807,1.1920341854545553,0.26018236368044484,0.3392004148419382,1.3390972770891225,0.09689098442145155,0.37697227943177314,0.8020621824445436,-0.1675063095857518,0.36140050607773194,1.015456739402433,-0.3434590929075248,0.3635736131609203,0.9362545168701504,0.16066922895404437,0.5049209875686135,0.37739179059476347,0.09811883897293984,0.34437823456376826,1.1868888163234166
2.4599999999999507,0.6693987692898933,0.36448393166762877,0.6379129650197765,0.0003629058717020239,0.020819902417221658,4,-0.03622319192205046,1,1,1,1,0,1,0.04485870838337161,0.044744427211789756,0.0442047684900955,0.044788038082682224,0.05561592454744402,0.04401734167593904,0.2736207242812089,0.31231602157258587,1.36292573988502,0.07959752146916328,0.3531052340015134,0.8542175432246433,-0.13879550914352587,0.3405389629269762,1.0330481490827608,-0.3537629169253092,0.33882561631331687,0.9746753616491273,0.15832174088454257,0.4778963423145767,0.47235780811180195,0.08015022564024768,0.32459415748370735,1.176028144533111,0.2592293904699178,0.3263924580132739,1.3564508433545004,0.0871689745636132,0.3707757326598396,0.8382616271613513,-0.14589938791653823,0.36369043730679146,1.0213893031096735,-0.3409314638801805,0.3468438352343535,0.9577331233700274,0.16136686899497554,0.4778414510042691,0.4212915031706883,0.08195247449189416,0.345355989648828,1.165800671341728
2.4799999999999485,0.6749949400268626,0.3633416969062615,0.8056185522758226,0.0014066423710250367,0.0036408605793604863,3,-0.010506933371040902,0,1,1,0,0,1,0.045649519346730505,0.04441490056344788,0.04405109608520305,0.048276712184329246,0.06018762788322826,0.04393583977665577,0.2428628372508584,0.3020717329981861,1.3881347987607526,0.06620798935340558,0.3392962048720481,0.8833491521416623,-0.12691534255982506,0.33460886538761336,1.0461272685692617,-0.3256512326766075,0.31361275497475605,1.0288532311211562,0.1534144496388043,0.41679319321737834,0.6034964410220988,0.06885180092415767,0.32651256763516096,1.1573214701553904,0.2401024109063577,0.30349417176520377,1.374553599795865,0.07703874237131052,0.3663636880518833,0.8726584750361809,-0.12322564021206799,0.36726287445541705,1.026933243272162,-0.32094255860971865,0.3170384816844914,1.0049256846802117,0.15545436406187707,0.4170844003043238,0.5403634103124852,0.06576473420220509,0.3467746382153748,1.1422369713831553
2.4999999999999463,0.6807753508034999,0.3624825483025353,0.6790049992604299,0.0020778878651706158,0.0033864820736052535,3,0.00296967996216348,0,1,1,0,0,1,0.04702416629327266,0.04449600906515647,0.043760151173224016,0.054347999445192946,0.07231958857242357,0.04380258742445728,0.19025639450983442,0.28503822180631605,1.391785599831892,0.05867870262485815,0.33603598287267455,0.9094759365173729,-0.10349945303593065,0.3241331054469058,1.0576066918899985,-0.2694539871690605,0.28414457279019195,1.0921855935621743,0.14435634299824893,0.32499057316045343,0.7515687899828954,0.05127993091298377,0.3291104491811945,1.137172360057653,0.20638096206537723,0.27140709083662595,1.3875017486184005,0.06587361220792746,0.3639135760479299,0.9074708314008503,-0.09953950540369547,0.37010680408082536,1.0311132098518931,-0.2862887112203606,0.28069327151025825,1.0632459058630492,0.14244443160340142,0.346230299910807,0.6860529183779738,0.050117613141128,0.3491032163363236,1.1187829140207062
2.519999999999944,0.6875378581428514,0.3625313657645983,0.7206354918983895,0.002224105549291043,0.0018661938684679893,3,0.0732496242768443,0,1,1,0,0,1,0.055422260367257226,0.04481547687022322,0.043456986318190144,0.0646299495267953,0.08711321832216504,0.04368369077212164,0.135587987977343,0.24424777979845272,1.3972399862871505,0.04854934221798004,0.32634509038456394,0.9453186722748216,-0.07957439436082182,0.325882363486678,1.054881753538907,-0.20826810711493857,0.23839018610176582,1.1566869372515751,0.12216227869748927,0.24386851397541254,0.8872459759344993,0.03528853162774041,0.3335088141612771,1.111899144827611,0.1625672999645026,0.23733772380667276,1.3913493016878202,0.0536679067542911,0.3625615559891735,0.9412754025145998,-0.0748256127384589,0.3728641581831238,1.0338654242660785,-0.23772690485375791,0.24270433902818736,1.1253168060732137,0.12337135203197484,0.27920772780660136,0.8331564140524516,0.035282716789411035,0.35221815286581276,1.0934847041799212
2.539999999999942,0.6954623044103299,0.36420499393975353,0.8421944618148403,0.0020491479685796937,0.001957261421500568,3,0.13201721637124547,0,1,1,0,0,1,0.06772887792357107,0.0445699693655858,0.043401080494185396,0.07565892668822008,0.09785428424851159,0.04368868488285202,0.0944057191945932,0.20068685601726108,1.3713253318622562,0.03491034961459805,0.3208100382730604,0.974797262478395,-0.052126755557556866,0.34084765334104555,1.0379408295148522,-0.15205251503459657,0.1948120221455251,1.1958671211799279,0.08869505595167808,0.18830616245990725,1.020739554491336,0.020940742899040885,0.34169336166879277,1.0773995992824683,0.11384490325424575,0.20592007987434766,1.379979502270854,0.04030509536563987,0.36199422710432083,0.9734327725465907,-0.05008226370944997,0.37472507652183384,1.0357436830464222,-0.177136964118284,0.20855352719545778,1.1797137799312674,0.09809681305985431,0.2233525789193767,0.9715146994389756,0.021177120026427035,0.3553847204277793,1.067888145476296
2.5599999999999397,0.7041533905276152,0.3662984868459991,0.7955740154598994,0.00172175916252709,0.003101490481536612,3,0.1003803551132921,0,1,1,0,0,1,0.07989106224739764,0.04444038388922775,0.04366006514866799,0.08425255452138919,0.10145702880135704,0.04386574665048987,0.054687076755182217,0.16711998202091316,1.323728643323243,0.021296118544921295,0.32352131525946465,1.0004941918877521,-0.016833760800238746,0.35205600052057356,1.023284282044978,-0.08924400325014215,0.16640172570612818,1.2282188917447872,0.04930520568366877,0.15754644867822643,1.140284204878258,0.0025232829338197498,0.35100375235750353,1.0388293706599416,0.06501308680433382,0.1813783712426772,1.3469763408075432,0.02606639297572,0.36253482724530905,1.0046848167114568,-0.025402063304917767,0.37666009578461135,1.0366401024237082,-0.10976668916317017,0.1823234903568583,1.2184301102698187,0.06575765288251348,0.1809580452225513,1.092811139871853,0.007250195938180369,0.358711637314013,1.0426782992842123
2.5799999999999375,0.713032670546778,0.36729563176081376,0.4877202809714918,0.0014534182137514228,0.003714935487207621,3,0.015060321784415137,0,1,1,0,0,1,0.08767691083062831,0.04480897044094631,0.04413857501203833,0.08748965727523453,0.09818271400833462,0.0441292775379199,0.0015826133341815705,0.15723405498104723,1.2589402899600302,0.00409676268763687,0.32801751701751136,1.0342405488446043,0.022958636200235305,0.35298116646542416,1.0219186678466663,-0.010871845244848851,0.15891196596820792,1.2405886216578792,0.008202144649659123,0.14809995142243243,1.2310062612926524,-0.01938162899042673,0.35241499946000393,1.0063779189740547,0.01849067936009699,0.1691080474989359,1.2905005572086254,0.011134908493197863,0.36308728459104195,1.0361321288762677,-0.0008129419711240694,0.3782558569500723,1.0358735785725603,-0.037879445646631184,0.16694546976811636,1.2376297612881737,0.02750278015728672,0.15547369016896764,1.193339865551462,-0.00585372609420217,0.36282112376229664,1.017050720008318
2.5999999999999353,0.7216762342530951,0.3668870887968737,0.2570174799803957,0.0013702450702072534,0.0047765975961225685,3,-0.05604288965855578,0,1,1,0,0,1,0.08897164889691608,0.044755577915410044,0.04454372791540223,0.0856031058875972,0.09116357937036937,0.04437107820142469,-0.05321736013713522,0.17328449417151115,1.1664495687409668,-0.015426004109850447,0.32878642560688853,1.0695728986230302,0.05911696473473555,0.34849849012140705,1.0280590951061548,0.07683349494398549,0.16720316844209146,1.228736026631022,-0.03627507582617346,0.15430344637057725,1.3026038443099157,-0.03836666109217858,0.3487178729975776,0.9804123917567305,-0.02411520225759449,0.1721838000997496,1.2093286180192486,-0.0045976088930826005,0.364429234233697,1.0662231437416834,0.02379171780601619,0.3804081214497231,1.0338047771228376,0.03647936391564051,0.16402723726528298,1.2359841935935159,-0.015910028507795326,0.1471323829827779,1.271569047438586,-0.01846253460888647,0.3677260560364101,0.99089405029918
2.619999999999933,0.7301424571485,0.3658200052404657,0.1885779266397112,0.0014795714958520476,0.005449484515168658,3,-0.07742957478840895,0,1,1,0,0,1,0.08551480744021248,0.04444396688029292,0.044298091321932465,0.08077284289683284,0.08297743026699825,0.04440385289908308,-0.09061742377467095,0.2035601403977419,1.05436722691341,-0.03225602266670788,0.3232281851532232,1.1030071373002264,0.08621262803116715,0.34339103279961536,1.0314250507558893,0.15476651946786427,0.18618887487446398,1.2000987695056915,-0.08802678500684159,0.17500454910723326,1.348552725027207,-0.05394247500442265,0.35173713562018694,0.9517128130034571,-0.061775204221119,0.19314853180500755,1.1050058183715892,-0.021140244073519856,0.365823850532547,1.0950558223389948,0.04817743063790787,0.381453916859881,1.0307037707369244,0.10910287909966088,0.17454392043299086,1.2133982811467643,-0.06306760904635318,0.15610085240700394,1.3270423856150346,-0.0307081766569451,0.37288907355248235,0.963952056105702
2.639999999999931,0.7384305204701638,0.3649506464642206,0.2335446719981695,0.001748618888131059,0.00797594573157079,3,-0.06485137361335125,0,1,1,0,0,1,0.07865103771712262,0.04412854982013789,0.04404655477769559,0.0738288156542482,0.07511911838234378,0.04447151867415064,-0.11031441818319596,0.2520429017293069,0.920934577900796,-0.04940486347109496,0.31586267003512797,1.1338598426919275,0.10893125354226457,0.34055989516905,1.0308800652940175,0.2113791604127112,0.21494607040323713,1.1501670171825922,-0.13983645561421237,0.20242499464500716,1.3723403526480318,-0.06738211600694897,0.35845144171778315,0.9205636610255198,-0.09394078141557949,0.23125944772006984,0.9799604118661273,-0.03840700519778391,0.36688870014186553,1.1226970193081964,0.07217586681635343,0.3807875648666585,1.0267585707364228,0.17578854455761891,0.1974653092185732,1.1717700496988015,-0.1120881631026473,0.17924421658226208,1.3605731195460204,-0.04252632644200638,0.37830281925321335,0.9363970093136345
2.6599999999999286,0.7461919832288468,0.36457125874221985,0.3435530241309084,0.002046532394756202,0.010593871029223172,3,-0.04572956517152855,0,1,1,0,0,1,0.07035893731043116,0.04395545140087165,0.04390531044693885,0.06573852943739919,0.06745407175359996,0.04475698764447908,-0.12632656059290492,0.31411933298690187,0.7761773668130558,-0.06709764544661813,0.3098148306589013,1.1600597873824094,0.12978381341339323,0.34101489351283726,1.026542850046123,0.2574390575391858,0.2496108006458897,1.0905195105082557,-0.18473795022638667,0.23437995924947808,1.378314948353344,-0.0771305966212514,0.3659013736247913,0.8896939937173485,-0.12036902787049557,0.28398060605059217,0.8387519621273828,-0.05618967675085102,0.3672652713832536,1.1488784009807576,0.09580032047417414,0.3794152434808126,1.0223231152420105,0.23397202108156917,0.22927601138752118,1.1171577392126368,-0.1596551876173647,0.21132702183734803,1.3744933967391257,-0.05396262753165472,0.384112618897296,0.9079664707258989
2.6799999999999264,0.7532589860889143,0.36449972155593324,0.38208045878546637,0.002196664616651856,0.017896942866299757,3,-0.040707144206497986,0,1,1,0,0,1,0.06245876933153113,0.04384819264065601,0.04383773897616847,0.05738202464891509,0.05903252701806802,0.04483355165202424,-0.14679091974946973,0.38245985613658534,0.6260134673718064,-0.08375815530801649,0.308295054047477,1.1805558191088652,0.14897714571798742,0.3403132777177687,1.0214892132879991,0.30238732467014623,0.2885624939593713,1.0321574010033505,-0.22304425927756405,0.2687913572736669,1.3700606003974591,-0.08497032957759486,0.37545142653526337,0.8586730496154168,-0.14068539959068635,0.3471781740533897,0.6888814621096446,-0.07427299081353972,0.3665305598159271,1.1743663071660926,0.11903842292020612,0.3774444599266805,1.0173452039022235,0.28086091021673504,0.2652445109911445,1.0576104570087754,-0.201479015619894,0.24707153110602667,1.3731093729112946,-0.06492464170786064,0.3904185178940056,0.8779776647871533
2.6999999999999242,0.7601087467377028,0.3641984050071943,0.28320805941802457,0.001986012970002919,0.016647335520236343,3,-0.05793467062456709,0,1,1,0,0,1,0.055934682064675445,0.04382814084230302,0.043798692252037474,0.04969561407125017,0.050035647529908245,0.0447495476560206,-0.16595515687943904,0.4500787854632118,0.48685852445656425,-0.1025557438710052,0.309791840960656,1.1998787261895991,0.17019394651835532,0.33771528228160214,1.0169102388802707,0.33716868837157177,0.3245510618715499,0.9827204159880214,-0.2500816241167088,0.301280062060202,1.3565356487262297,-0.094839055228551,0.3818805214013883,0.8287199736648685,-0.1545903417672034,0.4128339525102453,0.543647239397771,-0.09259604368701191,0.3650868344355987,1.1987539771240197,0.14184046476675727,0.3752508456576225,1.01169463518681,0.3140843730213412,0.29946275782240006,1.0028050817894378,-0.23313230413558447,0.28021256719425897,1.3623211156908204,-0.07549878028070009,0.3974690807964591,0.8462682028089439
2.719999999999922,0.7673752029216087,0.3634432579637588,0.2605847886291639,0.0011957150660167478,0.008386300524980732,3,-0.06150423692177128,0,1,1,1,1,1,0.0504505109938346,0.04387270342082006,0.04375326407539476,0.04410407807631872,0.04289844027968481,0.04475596954738434,-0.17283568715129818,0.49614351705153015,0.3990187813409642,-0.12028112372117893,0.30877401943377253,1.2236718037604781,0.19262691403303658,0.33338570142422713,1.0123857230817364,0.3497439636268406,0.34790757198395156,0.9544527689819924,-0.25640154321489655,0.3223830268381532,1.342330373530743,-0.10724648319072702,0.3884423285312705,0.7978561106927269,-0.16227115575289394,0.46640472118007426,0.4330520530120818,-0.11121786960023944,0.36272075898123474,1.2214507545051223,0.16416293614141203,0.3726073047642759,1.0053693611157675,0.3321704308887672,0.3260209653222219,0.964312576726945,-0.24956389975770657,0.3059089822490136,1.3483892417465955,-0.08557930848880348,0.4054795428199818,0.8124207853733494
2.73999999999992,0.7751313387114702,0.3628901799176047,0.5124828743697661,0.000253736824526778,0.04814407445657481,5,-0.004142587040009428,1,1,1,1,1,1,0.04471228815815201,0.04390848025582039,0.04372689727357362,0.043365222063702635,0.042611085442469554,0.04472244998715305,-0.1668795072136135,0.4948744844583798,0.41996329592708165,-0.13400893984188342,0.3042201841265401,1.2497735599497073,0.2114677607462058,0.33000653308841016,1.0052982229319096,0.33767401028588495,0.3480521673023635,0.9645192687177395,-0.2427441891303763,0.32034123843164564,1.3317846760666185,-0.11810849567326638,0.4048732385177146,0.7571382590072067,-0.16338104399467715,0.4838031450352721,0.4087658507445906,-0.13003692174329148,0.3596226652092809,1.2423768458680555,0.18611666166255394,0.36830029834476974,0.9986293348595291,0.3322086261823869,0.341340003304563,0.9511230090577382,-0.24649335750575657,0.32113759018946497,1.3353136453796786,-0.09544780929746502,0.41458268905680146,0.7760243284418423
2.7599999999999176,0.7830208613217846,0.3632017485053676,0.6087786447140949,0.0004981571886972356,0.00703236418632103,4,0.03858690469716981,0,1,1,1,1,0,0.045693651442594185,0.04391112024280372,0.043769266941712154,0.044123340048593,0.043495668362045964,0.045048296221080336,-0.15866051849458848,0.45339711029997504,0.5133300287871311,-0.1536171568758691,0.30467284150678414,1.2692081513157942,0.23339322294670442,0.33259291167252547,0.9925257846504866,0.3142779726452866,0.3449005576369448,0.9776207509875006,-0.2200445216644539,0.3178825063799856,1.3173920406243902,-0.12381867241747853,0.41976695826892874,0.7165923608882712,-0.1578968049628219,0.46257708531033326,0.4754896258235977,-0.14875259389896822,0.35523577223251607,1.2622293935879054,0.20722609032390055,0.36353896216374354,0.9919488939026135,0.3157082874444333,0.344970078188921,0.96209874504701,-0.22581095898841333,0.3265763793475018,1.3224757999489218,-0.10497641249440454,0.4248082658477166,0.7368557329108956
2.7799999999999154,0.7908087862726835,0.36415004350020913,0.5635805956292397,0.0004946140684323545,0.004616100149055428,4,0.04233781439689209,0,1,1,1,1,1,0.047541389226570835,0.043948881804224044,0.04391983391415222,0.044446839475169975,0.04406640309575002,0.044789567322735646,-0.1486768599460891,0.4363683751630359,0.5591506896138608,-0.17975433828482726,0.31043911299317617,1.2821003991875914,0.2563113636243821,0.3375561134777289,0.9780331562878978,0.2861736232197479,0.34692527847091115,0.9834275927503893,-0.1953376813126708,0.31725422708047185,1.2993754246702516,-0.12836500653558355,0.43434941663797005,0.6747611220347416,-0.1512981196292705,0.44323373867978644,0.5399118264536772,-0.1673674001661587,0.3506405237516632,1.2806146934621834,0.22742012894071423,0.3595877999781173,0.9851124830236374,0.29648934797857973,0.3480417028269914,0.9738754985324303,-0.20440512501823382,0.33028044246650035,1.3075774352977063,-0.11452778776584158,0.4366239824935958,0.6954177529731668
2.7999999999999132,0.7981046987209665,0.36433847072071773,0.8022654787406227,0.00044033043133602387,0.057540901788654626,5,-0.019176346024771307,0,1,1,1,1,1,0.04606521670467767,0.04406019144296394,0.04415994962449013,0.04450996784745301,0.044343738348163464,0.04484018545888174,-0.13894819650925194,0.4158281803375019,0.6172997570449784,-0.19917269466848003,0.3110727149989801,1.2986377332597236,0.27080540757564975,0.3355283971212559,0.9715698095175282,0.2644123816460469,0.34996757508575604,0.9887518182656068,-0.18140269095987496,0.3171004546952038,1.282618957306054,-0.1304934009172398,0.4562975634565698,0.6292907227936009,-0.14313727221101455,0.42664051708278045,0.5955256438483931,-0.18613834813851599,0.3479345520523201,1.2973748407533132,0.246995624731165,0.3569518563295867,0.9779960464687368,0.27538433153570147,0.35071511602086347,0.9829425049478306,-0.18456932426159195,0.33261315030891425,1.2915704717670948,-0.1243554312055274,0.4499347376063724,0.651303245211055
2.819999999999911,0.8052831162520679,0.36393946105908176,0.9952669193416331,0.0004349560313560726,0.040445639563514026,5,-0.010188200323155443,1,1,1,1,1,1,0.04354219080765909,0.0441520698785578,0.04431373404435637,0.04453751926704483,0.04441865778229545,0.044812358711353945,-0.13091539992525245,0.39812528598849234,0.6711555046937819,-0.21918551069726064,0.30716823626001843,1.318268279736588,0.2859545287187677,0.3348960802300107,0.965602438042612,0.2436550007314736,0.3476516688312927,0.9981238920264043,-0.16544492519185977,0.31847308120276785,1.2662393711257824,-0.13580024211461403,0.4730120074635417,0.5905817238308776,-0.1351357818721376,0.4139247060887937,0.6469100036490373,-0.20522920973356001,0.3448088967566502,1.3132787110045372,0.2660540174091926,0.35471393593594214,0.9701296021598473,0.25452872854185404,0.35350875405981297,0.9926065937538459,-0.16470946316056,0.33551892425306107,1.2749673332937033,-0.13377592117946807,0.46554745074092,0.6027369440705969
2.839999999999909,0.8122524481567113,0.363988400377177,0.9061180569632934,0.0004445580138649228,0.005784330428699441,5,0.005070377465821983,1,1,1,1,1,0,0.04391162890747591,0.04418857248982938,0.044390642196107805,0.044485558019458527,0.04436510614875694,0.04535595790683611,-0.12023091996389844,0.38544554839429623,0.7155398911946191,-0.24313777655051663,0.3096728983640198,1.332168098290144,0.3080618047541951,0.337866431680956,0.9539161529227217,0.21960444100074467,0.34655049094986845,1.0054625511388362,-0.141649821596091,0.31801595219815576,1.249140393689127,-0.14504597027484836,0.49373264908678116,0.5219643176369612,-0.1266842358931224,0.4040449379098298,0.6946288322894947,-0.22479439166633064,0.3409425995574292,1.3285571057192225,0.28470310110874114,0.3525832683549651,0.9616980594763866,0.23320963444023424,0.3568071376003248,1.0013375590689286,-0.14553065920055575,0.3387554334203288,1.2567389284105484,-0.1428425094623288,0.4835806641652509,0.5494289958634051
2.8599999999999066,0.8184297751594267,0.3639456518551867,0.8267774440303078,0.0004654634769828547,0.005778977946660816,5,-0.006678952704653802,1,1,1,1,1,1,0.044517637550264194,0.04423222735551338,0.044619658729497025,0.04437604078855495,0.04426402618891501,0.04459313833138795,-0.10939243951933295,0.3745704271019851,0.7528609154490095,-0.2635328765792364,0.3120490868798881,1.3454246019909375,0.326170455164951,0.3394485697799888,0.9430053143244447,0.19839437845045932,0.3455228322867569,1.0130858670700433,-0.12233239215593264,0.3172773594866741,1.2325116646678191,-0.15605014907836626,0.5137726978711105,0.46533398599150033,-0.11763556113475514,0.3951858928902208,0.7381451310661564,-0.24494658118937712,0.3373619668875406,1.3431962384253473,0.3028908020210284,0.35095180047024604,0.9525463833734288,0.21059706584106141,0.3605318797748694,1.008246039352603,-0.12749947758723956,0.34131252534031736,1.2370471382270998,-0.15196350123718666,0.5046955909280764,0.4906711928902576
2.8799999999999044,0.8243173116617465,0.36404947337647064,0.9763698011511351,0.0005229848542953122,0.007164509626448726,5,0.0021558389620252604,1,1,1,1,1,0,0.044789229452863066,0.04430688558520182,0.04493631399646303,0.04430682127628577,0.0442021439978009,0.046290664822104394,-0.10132132504559249,0.359955005939533,0.7885372780764478,-0.27898301756210375,0.3116063678067006,1.3592841397566515,0.33632608967186306,0.3408651302220923,0.9335203928162595,0.18154161743044792,0.34606618871772576,1.0185044546430082,-0.1114912426986583,0.3212174101576557,1.2126595776806246,-0.16575868824771936,0.5411371705671613,0.39405619755305077,-0.10813707414256536,0.38755476764564345,0.7788307721376962,-0.26558845809634185,0.33453528904070745,1.3566945673971038,0.32054330900419264,0.35025599061357826,0.9425332162832025,0.1878239752853241,0.3639868171256576,1.0145824403532322,-0.11010258295699395,0.343716748332722,1.2169162738125556,-0.16091655952843023,0.5300372071950737,0.4230356179907281
2.899999999999902,0.8300859491420398,0.36369701564085316,0.8743358260453731,0.00027786727273048197,0.056276799402477165,5,-0.018052629284823606,1,1,1,1,1,1,0.04489106282890715,0.04444936632178481,0.04481958124057778,0.04421524758110709,0.044131466329308505,0.04493766945158942,-0.09058538555876114,0.3523628773435104,0.8211793023948837,-0.2984428356410581,0.3115888071351992,1.3735182467712972,0.3457218409227856,0.33956453120085406,0.9419317891009049,0.16135287525618125,0.34271776082738575,1.0265024124963606,-0.09267081427374868,0.3205248294618647,1.1968874081722727,-0.17077278983706642,0.5475178217785132,0.3790568656885781,-0.09788535616728984,0.3815170607615293,0.8164858717560376,-0.2794091246327506,0.32714455725042596,1.370740562922886,0.3313008527153003,0.34366194810072087,0.9423758379142653,0.16394432838213738,0.36808397691097494,1.0194413478595177,-0.09346379580743736,0.34657415018693,1.195852673387316,-0.1671700265858496,0.541543048665468,0.3865776230706559
2.9199999999999,0.8354035217055742,0.3626824380067399,0.7907494339560326,0.0006114086428833631,0.0023702426918026545,3,-0.013687357115724372,1,0,0,1,1,0,0.04471538152669588,0.04572104941774047,0.0471112316992881,0.04405720177161382,0.04400364464508222,0.047334209072210004,-0.07882637009627223,0.3425815088759917,0.8583856383607302,-0.28773845168491635,0.3028811275290765,1.39587678150538,0.33705468493152907,0.3210935993504914,0.9897030715947227,0.1459600433059049,0.33551221790699787,1.0371842788844399,-0.07230259833427186,0.3194284126140772,1.183592597562119,-0.17129278856737254,0.4848596476473348,0.5097104086521583,-0.08815456762613123,0.37587758142642413,0.8527347702920667,-0.2727814060943536,0.3068396242434826,1.3861324276099605,0.3235721719653676,0.3230721709121399,0.9701805881899473,0.14081993156766232,0.37155798390028366,1.0248507312527992,-0.07710373744865609,0.34875638640794854,1.1740294904971635,-0.1654747044112772,0.504579405970359,0.4567278980066154
2.939999999999898,0.8404096659751142,0.3620664124067394,0.8942478401480499,0.0016580896245274536,0.0015315634911950773,3,0.018283788277070473,1,0,0,1,1,0,0.0445651811670385,0.04710517363692607,0.05128627035583577,0.04384360257606393,0.04384825341199322,0.05175947617293311,-0.07441029095462545,0.33227710305138314,0.8888422668785629,-0.2343327690357434,0.2859658413108615,1.4093840146517205,0.2874914140597762,0.2976670729050077,1.0472329291307148,0.13093378483181606,0.3286526122554235,1.0444550480036296,-0.06018939810454193,0.3257983018071653,1.16492368420554,-0.16056557561288748,0.42384264158811263,0.6481309903131867,-0.07823912576210025,0.370522217987927,0.8871606398652526,-0.24848785735828166,0.27622460681805444,1.4018349580644263,0.299129887235536,0.2912594812243121,1.0192375798207154,0.11714965866962448,0.3748533820166716,1.0290315570648036,-0.061405511052780255,0.35122608695213403,1.1514581718879724,-0.15662377898277652,0.4405916573525556,0.5879528988910564
2.9599999999998956,0.8465563945768851,0.36190448786600005,0.7001266428844835,0.0021699904629925385,0.0018913593928437836,3,0.04453242669665078,1,0,0,1,1,0,0.04460089257541394,0.05442544988740275,0.06049423666102274,0.04359470496759901,0.04368815276477728,0.059152607331802665,-0.06988276859280008,0.33059098598768183,0.9179548825545645,-0.18847004013644103,0.2510426109027139,1.421349172400108,0.23333995350647227,0.2558427184624824,1.1096195594596556,0.09943712025742159,0.3261810562044563,1.0454065814750144,-0.04414601861118758,0.3259862714236279,1.1458231852878824,-0.14139543001485907,0.34835022557107637,0.8012684559471617,-0.06715816685111035,0.36559751722853995,0.9192067791093309,-0.21115646397016158,0.24021464329663278,1.4121610673918608,0.2606498462127181,0.2538061516076921,1.0788324242448881,0.09228993905988239,0.3778235709880392,1.031457815047,-0.046720366930197835,0.3539611042102853,1.1282202312233514,-0.14158082989830545,0.37137260538894323,0.7370851406871927
2.9799999999998934,0.8541222398144004,0.36271960627152955,0.5705502741151011,0.0021716822067819846,0.001517159104836814,3,0.09867902104968612,1,0,0,1,1,0,0.0448121327442183,0.06704654184193326,0.07313087615900471,0.043453013472361135,0.043568818773555396,0.06832776599654955,-0.057933657470092895,0.3264942110251975,0.9529417808593412,-0.14836388304232137,0.20333291894489272,1.4094398648879052,0.18983055860444414,0.20421234807342234,1.1610062674470027,0.06602453131140038,0.3343440227582661,1.0359579241625294,-0.026482570245022707,0.3267873291273713,1.1196939901803198,-0.11059167383992112,0.28397245315192576,0.9415255837563716,-0.05604720072873944,0.3602176211394044,0.9499602529824055,-0.1654619618356178,0.20407179061110373,1.4099877355867174,0.21008924201154894,0.21770484125080522,1.1379101071539135,0.06764061984668371,0.37968511900701113,1.033610589332265,-0.032638071243802386,0.35541732852252406,1.1042561518570229,-0.12012890903441723,0.30811485435125846,0.8833421495571634
2.999999999999891,0.8624715839881447,0.3645108094035849,0.7348885268857273,0.0019476047386158993,0.0025907680949874092,3,0.11995547006741546,1,0,0,1,1,0,0.04462166392360509,0.08121702217111929,0.08416403627160687,0.04356885804728633,0.043606256867013804,0.07696070336806629,-0.04607381952398168,0.3219268957699533,0.982223070413217,-0.10125003565654846,0.15488844170349605,1.3753783097776393,0.13367156512884648,0.1640603300338663,1.2011060668536582,0.03491559611137819,0.3465764118457906,1.0231105758917205,-0.01506241054149262,0.3374483494340316,1.0816378927628958,-0.07758208647098856,0.23876034129676751,1.0702257580637027,-0.043554935752128175,0.35626635909160187,0.9784364800980616,-0.11589947101000943,0.17304028010008288,1.3920818256075649,0.14957455693105765,0.18511859015936633,1.1882642730754107,0.04072120410959516,0.38256236023838175,1.0323242249353286,-0.019425455368165985,0.3581423399633204,1.0789892026441645,-0.09295036703483722,0.2554293501510978,1.0175264618227282
3.019999999999889,0.8712741483348466,0.36636953458295285,0.7257609134249491,0.0016318369017242092,0.004174265055393532,3,0.08705270738935365,1,0,0,1,1,0,0.04446454299469027,0.09142897845166839,0.08970896725722205,0.043848772270945635,0.04382277704374701,0.08379987307156328,-0.030072417671413346,0.3240176534653911,1.005963152933538,-0.046151755652059416,0.13342195765511877,1.3255436801909548,0.05789347265267548,0.1450820422149808,1.2306661345764438,-0.0025536038050679357,0.3570885098438709,1.0142827879676286,-0.002615797518973211,0.3447228795408895,1.0424514317869646,-0.04668913110280028,0.20345985751974163,1.1817875463927026,-0.030311140649881035,0.3530331275687207,1.0054964935278088,-0.06621571512226364,0.15243840175088272,1.3524395617713854,0.08166949213273773,0.16188103448243837,1.2227198204532475,0.013067834413483215,0.385273747404413,1.0294975525342722,-0.0069861502314125575,0.3612397046517008,1.0523420244314132,-0.05975345582865712,0.21746853400301297,1.13352115246198
3.039999999999887,0.8802672107897465,0.36728120415255555,0.6394597657611972,0.0014028404788572265,0.004340830259564097,3,0.00941673948935251,1,0,0,1,1,0,0.04466559386981156,0.09441208058388639,0.0887878040450864,0.04416832128109177,0.04410275421256449,0.08603509680736632,-0.007914025180586126,0.32483695918803224,1.0348277287035237,0.009909641453994058,0.14182480369968178,1.2560849459287284,-0.026087994218328234,0.1488246132228458,1.2373504383834983,-0.03911683101603842,0.361579513729692,1.0129288277838993,0.014872517076249692,0.34662291840123766,1.0078697876188918,-0.005574964391493872,0.1865345168584664,1.260600868752218,-0.016519022158004028,0.3511343730942076,1.0311635564454902,-0.0194103754397874,0.14575658867281002,1.2895447002278053,0.00984820991265071,0.1504136662437772,1.2369569957669104,-0.015428936022150145,0.38793155428273196,1.0258731829046848,0.004930616358904569,0.36476711530572875,1.0234207353793814,-0.02103625478021743,0.19656453336229995,1.2281557161118084
3.0599999999998846,0.8891301597089857,0.36690779613070074,0.6728287077553244,0.0013523707790235903,0.006493579676475907,3,-0.055875770995534736,1,0,0,1,1,0,0.04450056969251137,0.09175668180438382,0.08427820565142558,0.04435341091922598,0.044362809023944905,0.08321887737886682,0.011621957321352122,0.3183662640439651,1.0671639731759863,0.05088525760797728,0.16580284861402278,1.1606689141728908,-0.10673770826528738,0.16355054254834303,1.2239552055057723,-0.0691723231144425,0.3602122630216671,1.0171466008017316,0.029560247716398484,0.3500513078316753,0.9764963153442382,0.045657772298231175,0.19227103525639724,1.3229580600473052,-0.0019572224524586034,0.3512999921891823,1.0560989898486128,0.02315406643852428,0.1558886764718636,1.2025098994296148,-0.06239225997598055,0.15218121036706453,1.2298162738066578,-0.04345154138994241,0.3900996869566848,1.0226046872729053,0.01697684998395087,0.3692723065946879,0.9932404411635118,0.02237847936256785,0.19261166230769938,1.2986483001794757
3.0799999999998824,0.8977731810739512,0.36604452029710466,0.7130728308054473,0.0015164916048565993,0.008555620272971824,3,-0.06851654232792045,1,0,0,1,1,0,0.04417109377837397,0.08617004322417485,0.07855751578336861,0.044230860070187006,0.0444940738734958,0.0760925498882174,0.02862248305893112,0.3104946300969072,1.097923979104562,0.07656067644765555,0.2038058028795835,1.0392429542756563,-0.1709037804567051,0.18480704213929913,1.1877277252946934,-0.09736726444279857,0.3570417753819985,1.02099870188752,0.041541890433323306,0.3555099439795519,0.9448355357391192,0.09608829349475562,0.21759650797935395,1.3616025653808659,0.01390376459758471,0.35240200097568447,1.0799248987013987,0.060855414822909355,0.18433155540090887,1.0922019658471172,-0.1315485939776661,0.1673435404375352,1.202403030490441,-0.07087848157613044,0.39141633574059514,1.0188847475560736,0.028701989492220966,0.37397530808276164,0.9621834530978706,0.06902641387039374,0.20388077840443883,1.3446832295397697
3.09999999999988,0.9059388517961061,0.3655086196826865,0.5897979301961579,0.0018223426495955427,0.008217611778941281,3,-0.05020521340076836,1,0,0,1,1,0,0.043963491623318335,0.07957557789181763,0.07245853469046917,0.044019547107903984,0.04454868256967723,0.06669701902409689,0.0466923826759574,0.3098231797568947,1.1211789788430095,0.10084413318232593,0.25634538261296863,0.9020257092129282,-0.22032815934277036,0.21424885934082505,1.1349141500075706,-0.12640086076135656,0.3528880383968047,1.022506398265814,0.055435937501554344,0.3610679221343223,0.9122471595105216,0.14139428640777343,0.24999565548741864,1.376016967893241,0.030593639070411287,0.35310150105483973,1.1028441370575812,0.09290598491814775,0.22985750983755568,0.961858638408972,-0.19403058461463063,0.19419037759804778,1.157814113566295,-0.09721075992667144,0.3915329733558788,1.0144030980721763,0.039860568092678364,0.37839300085899197,0.9300643179627153,0.1169467596787569,0.22713582039872807,1.3685445825490001
3.119999999999878,0.9132938128215634,0.3654836281534434,0.4417398080603181,0.002126185849891302,0.007252618652216855,3,-0.03354721311986568,1,0,0,1,1,0,0.04386277234883515,0.07280858800309242,0.06584074207561036,0.04383175254747532,0.04462013896507103,0.05744303916811158,0.06277932580939538,0.31234115068446355,1.138948040189639,0.1292922088483695,0.32026921303204176,0.7517874054245897,-0.26988990846313204,0.24966513942359378,1.07562667132973,-0.15334064227561314,0.350724057357524,1.0194405359124972,0.06723660577220174,0.36820200981843737,0.8796044332589006,0.18460721281719897,0.283901612035107,1.3748416552259761,0.04760791763172673,0.35284815791922997,1.1251349677777034,0.11889041747309181,0.28940707264901383,0.8164029826921217,-0.246998774826451,0.2294288852597152,1.1017486503930596,-0.12188680654967496,0.3901740149444484,1.0099523883465265,0.050619516294999216,0.38264049258871047,0.8971975629682571,0.16300831608847202,0.2574590476840194,1.3739998471982147
3.139999999999876,0.9201686473334579,0.3655602779777628,0.34327135406368625,0.0022264513829103588,0.006698344058189398,3,-0.040702674304011005,1,0,0,1,1,0,0.04386852997442303,0.0660670121466857,0.058136827190141016,0.043725290212121154,0.04470389729882729,0.049421201749923094,0.07724214516767902,0.3137427489647383,1.1568055094859835,0.15438723817730415,0.39054555657455237,0.5994265379641662,-0.3151591857823449,0.28867768895122065,1.0164900984410714,-0.1779180686497003,0.35031768182680545,1.0129563685424288,0.0771526563320245,0.3757648129024398,0.8481259699076842,0.22431451988421433,0.31464694035150326,1.3626390841234666,0.06504808604980854,0.3521027231482147,1.1467447968431805,0.13868984936528975,0.3576516431317175,0.6643609208524632,-0.28823622549409256,0.2678571509941391,1.042607103620938,-0.14517657464477085,0.38749839433691013,1.005871322645524,0.061165653669325866,0.38719279431080617,0.8635414460846661,0.20273561033673165,0.28898886696924736,1.3662524192592216
3.1599999999998736,0.9272351280694427,0.3651970125125754,0.2598852368967821,0.0018932495684897946,0.005986686229393568,3,-0.06108971137420302,1,0,0,1,1,1,0.04392917437137431,0.058972150319158506,0.04982321480819457,0.04371768495261388,0.04468480086099488,0.04336328176835483,0.0936841808858474,0.31290656788010474,1.1785011440516058,0.1672273294810389,0.457909861447305,0.4671703464200928,-0.33831983019114814,0.32550538739294227,0.9711673277787639,-0.20090317561284607,0.34834822059995546,1.007039518178017,0.08927129371367687,0.3827231362889422,0.8164994075075519,0.24736769929364993,0.3338761700917679,1.3447120752856383,0.08262718247745006,0.3512681304407044,1.1680977716949137,0.15205711397290714,0.4251897227098979,0.522151498829615,-0.3155277931623311,0.3033536297876585,0.9905782103996437,-0.16696373434767264,0.38360195364387206,1.0023183764503585,0.07165309435197145,0.3921707282805374,0.8289531456496507,0.23144162697767295,0.31636124635846524,1.3510700236700572
3.1799999999998714,0.9345512500398732,0.3644430486115147,0.4654981682987377,0.0009543981054562523,0.03606427645977909,4,-0.05117271034968234,1,0,1,1,1,1,0.04393830251843453,0.050923494973228844,0.04289785188940773,0.04379341169036213,0.04473475646082284,0.04302296035754946,0.11009249542850774,0.3032266900382926,1.2065201299020039,0.1690549255813006,0.49814220472585047,0.3978348886167337,-0.33584702464849525,0.3478262584551145,0.9504387867792101,-0.21409933197760384,0.3466314306697248,1.0018965531662858,0.10129959542862904,0.3963602926907714,0.7805286502903411,0.24293930431904398,0.3347579216277395,1.333011275400682,0.10040200266691844,0.3505275449043282,1.1894890642886449,0.15871295039820144,0.47417675489005934,0.42563003147491596,-0.32685187715936326,0.3298624604277857,0.9568100156351919,-0.1872285311936134,0.378727630212588,0.9987402389433754,0.0820416850978523,0.3976904524170701,0.7932819275719557,0.24452306361405196,0.3347932699509354,1.3336199473549026
3.199999999999869,0.9416166629738245,0.3639395431020988,0.6584712888088269,0.0001838723051016774,0.01002286808499231,4,0.010892013963369161,1,1,1,1,0,1,0.04385497674278088,0.04305449873480349,0.04233446490846737,0.04389164503530654,0.0450419617413379,0.04362598014095817,0.1271233460280109,0.29804937198919235,1.229472195835731,0.15960617409345002,0.48675893134202963,0.45841691010771735,-0.3173056774197592,0.34588554543925093,0.9632321719392866,-0.22601713326231107,0.34381582568281993,0.9965356517987386,0.10544963194676557,0.4126061703456865,0.7386338691773344,0.23291820032198002,0.3314358364845041,1.3212753951160932,0.11846023117695786,0.34939682255148746,1.2103089959768596,0.15769468683939414,0.4793826744709228,0.42856978753672287,-0.319765272731759,0.34247977263095974,0.9502712734569226,-0.20649385286739158,0.3739735973378276,0.9943741355631236,0.09224609025525399,0.4040000336086863,0.7565695680326615,0.2376745639046407,0.34146436432050353,1.3173736651567278
3.219999999999867,0.9479717530633881,0.36443717041717644,0.4092052097094686,0.0004799608082186303,0.007040418207560113,5,0.05300673688491391,1,1,1,1,0,1,0.043809615235325144,0.044888170881569434,0.04322906986123398,0.04400588787565876,0.04511070496158198,0.04395821423576579,0.15028143164822627,0.30809920856549206,1.2394565012832048,0.14757380535646053,0.4578172881233699,0.5312481745466087,-0.28918703776773286,0.347065456858621,0.9753981277811763,-0.24468454838972295,0.34280136517583254,0.9858444410055317,0.10364389205617933,0.42024908746817047,0.7050014047603342,0.21561508648490602,0.3232834304758486,1.308947706970041,0.13583098648469843,0.34614632435882675,1.2314429129431055,0.15087890344826466,0.4575661855962456,0.4942441303515922,-0.29992015348388246,0.3480899708573488,0.960783893439971,-0.22300678775723426,0.3682861648114213,0.9909338810316162,0.10242476917260113,0.4103184998405192,0.7188976646989668,0.21845163484940847,0.342165647455819,1.3012671854376288
3.2399999999998648,0.9538393656369869,0.36532574823056385,0.23755597315357854,0.0004503217209780863,0.0038207086418512344,4,0.03175802890490076,1,0,1,1,0,1,0.043931579948227856,0.050138821172416526,0.04380935972026864,0.044240130295769065,0.045449807079166266,0.04405832045810135,0.17297271562260474,0.31389574002164083,1.2503442166541665,0.13605598142073513,0.43542525455443704,0.5731488633313061,-0.26340362261279676,0.34620249428626815,0.9854664822793594,-0.26072138650774473,0.34799030740728243,0.9712884909970299,0.1057054454297595,0.4316911874909187,0.659773782020061,0.1991130692280127,0.3230471236960221,1.2906659116987274,0.15410758906541233,0.34268969043407976,1.2503568124489362,0.143518327882939,0.43959440386038334,0.5537955645600766,-0.27988690759736545,0.35239220055933357,0.9710979400170042,-0.24159388194942855,0.36489143472029106,0.9848341320518644,0.11179549513969399,0.41767565244959176,0.6767863686543177,0.19863554037788905,0.34250648916791654,1.285455404085266
3.2599999999998626,0.9597116303462454,0.3653596631786702,0.24371062908127197,0.00044449280489289723,0.0052010187709914625,4,-0.014327100077169566,1,0,1,1,0,1,0.044156569169605336,0.05282400371636323,0.044080294146252696,0.04469636272995808,0.04650255360971073,0.04408315768021473,0.1878533734291008,0.3128418737141635,1.2679397623451365,0.12702738788401352,0.4098921551230003,0.6296597077693311,-0.24544381201805854,0.34318799318900817,0.9964658881896236,-0.2766928103700485,0.34827940229338483,0.9647190890229731,0.11715851944553815,0.4438025009847077,0.6132387830660678,0.18180651081332722,0.3230391597393487,1.2744277216201045,0.17339727126217191,0.34137263585888855,1.267850656415653,0.13586530245115414,0.4232739322722834,0.608848627727483,-0.26008751717512757,0.35399607078457657,0.9810086541994032,-0.2618960041233192,0.3641929553224714,0.9765411288577002,0.12120808019672379,0.4283908763299373,0.630677765862698,0.17877545800758043,0.3419994973027661,1.2691183699808015
3.2799999999998604,0.9658813323970142,0.36503448718452736,0.1726886773779719,0.00042795006418862427,0.0052508600114563085,4,-0.015025127437268896,1,0,1,1,0,1,0.044312329971906206,0.050682780725894105,0.0441404530988361,0.04491138058974953,0.0484513565853234,0.04405656322249199,0.2024496747532106,0.3122853917292613,1.2858601887594159,0.12114545014517232,0.40336709524966224,0.6750043619796725,-0.2284400487001639,0.3398841866904055,1.0060263650468526,-0.2993464359329636,0.3484513111319763,0.9582545227225984,0.13515332465059265,0.45366270523857155,0.5602808100916498,0.15676981526191605,0.32067902536967025,1.2604192219266654,0.19260108788263838,0.34122907161810845,1.2852778703097063,0.12783394007752566,0.4093977784823799,0.6577411088765159,-0.23976361228494453,0.35589942594141827,0.989785550907241,-0.2814752324823553,0.3641263995585397,0.9684315937224522,0.1307582031489775,0.4412269454683603,0.5807573206346848,0.15948579909274557,0.34237189560059705,1.251230438375732
3.299999999999858,0.9723335344133839,0.36486111274564653,0.24364920876004836,0.0004491030296719698,0.003505803893081651,4,-0.008059792079482432,1,0,1,1,0,1,0.04433521087395523,0.045321977843326505,0.04411548624576983,0.04472831959692261,0.050798931450555085,0.04400564470941584,0.21595290805741604,0.3116738301679929,1.302553925145692,0.11876251541227431,0.40127301724272624,0.7242340413848198,-0.21315841034110722,0.33942329541393884,1.0113864338356198,-0.32022125604782536,0.34982127826285153,0.9486545863198746,0.15096202951405163,0.47047507197100097,0.5005845479563457,0.13485964892342692,0.3208259007105203,1.243767082019906,0.21280833138746097,0.34124177258980354,1.3008900095582285,0.11946552197236078,0.3971800486365994,0.7036089815578891,-0.21950670902958652,0.35673596548295644,0.9981424405788875,-0.30219181681395574,0.3654081950256314,0.957571650709555,0.13964422016529007,0.4567145001675337,0.5251269899649772,0.14054475533015248,0.3423709879489576,1.2337188004692354
3.319999999999856,0.9791858054404899,0.3648978188412479,0.4160368111890131,0.0004687504909538218,0.0028556545984666144,4,0.009628541687547856,1,1,1,1,0,1,0.04433172829728915,0.043381117281200365,0.044126213592743074,0.04454014916074245,0.053228700323524974,0.043977301227447696,0.23346118162079676,0.3118869490740631,1.318158434318852,0.11214629024465927,0.3873912825739658,0.7685708306711434,-0.1947233531588688,0.34131820657336936,1.0145935616771289,-0.3371222256835245,0.35101063011991757,0.9380480176195419,0.16036959153567099,0.4917530316898549,0.4399642040637209,0.11872373628158052,0.3227026285223835,1.2239376894643694,0.23333004437916188,0.3418250468294186,1.316522083275097,0.11064863846798142,0.3873751249161074,0.7455254392869857,-0.19869304629561296,0.35825021227349907,1.0059349264790873,-0.3212161815330617,0.3662240895747078,0.9471686306861116,0.1488648588631773,0.47621453213885284,0.4640268172368646,0.12243741156186207,0.3427274915985118,1.2150839412302343
3.3399999999998538,0.9864274938822164,0.365262821065734,0.39612852190837883,0.000517336806807122,0.005904014459190535,5,0.020995548005705394,1,1,1,1,0,1,0.04436134575718012,0.04438374444161616,0.04416760424126209,0.04457193089331851,0.05557763845384986,0.0439725302382131,0.26182457311126,0.31623587425615246,1.3307826541420433,0.10150680374012422,0.37405354895315995,0.8100730943373178,-0.1670333501294105,0.34326013333444155,1.0180408689596752,-0.3551999467897809,0.3534504757185303,0.9254289233735064,0.1648735393134445,0.5160767625210776,0.36495049355308057,0.10197619922253515,0.3232870467699619,1.2020065789794656,0.2537718185189283,0.34171794730302907,1.3321824115127603,0.10132406360738203,0.3799938222334399,0.7844992920304418,-0.17726459961059293,0.36046831797457,1.0126480303281717,-0.3382357210827154,0.36598967141786576,0.9370994506676662,0.1580403567538319,0.500382095870269,0.39508577522734456,0.10555988265886769,0.34384660173363285,1.1955636233707383
3.3599999999998515,0.9932392079122772,0.3650606995798918,0.4607665837828579,0.00018481624788180354,0.008413646923602674,4,-0.003986652565537789,1,1,1,0,0,1,0.04467303645323403,0.044922673768319626,0.04419234965829627,0.04551870480574677,0.05576177067266935,0.0439801912961261,0.2813790315815196,0.3162078678841127,1.350013644774916,0.08733271992070334,0.36172283706552294,0.8430323045102782,-0.14536860301213833,0.3427582612835715,1.0255255554235008,-0.360980517486083,0.34476478503305524,0.9467488876123692,0.1616522975185012,0.49981402920029383,0.4076302365959643,0.08698398718361036,0.32356270365001005,1.1813414259230246,0.2619193147983511,0.33379994938342483,1.3482309037514093,0.09160036187136983,0.3735224614799172,0.8217888803766777,-0.15575871586235968,0.36232137271973386,1.0187031387970225,-0.3442285808772023,0.35652083880294305,0.9441932998626921,0.16194752504988766,0.4960444718214787,0.3886656014045893,0.0893198507231722,0.34492012413011564,1.1757033117087223
3.3799999999998493,0.9991620011257815,0.3641253204607173,0.6592932807156805,0.0009145557668550871,0.00559633285583044,3,-0.017750822912481586,0,1,1,1,0,1,0.04538949271019427,0.044619040155268436,0.044144547612130075,0.044933171598845134,0.057489555086546795,0.04396385602497199,0.25911037852994334,0.30986290398525385,1.3765974072991023,0.07056518858781893,0.34733737903036954,0.8720046275783054,-0.13486623892293687,0.3390122463603901,1.0374618487887448,-0.3343614047324555,0.3308739254887314,1.0067276147826245,0.1532085614374223,0.44511962334636107,0.543411444803135,0.07367657366037024,0.32480702034975123,1.162466883248145,0.2507595350695811,0.31536975886463375,1.3666662042831437,0.08171478083212298,0.3682929011450195,0.8570047934961709,-0.13361557659113682,0.365398657816373,1.024619139870372,-0.331847539916234,0.33182335135662233,0.9811653824147242,0.15907695296933483,0.44739029208258924,0.4807507400180334,0.07312615205052594,0.3458995106715408,1.1531338233691348
3.399999999999847,1.0051092521173624,0.36298444596984364,0.6315721470428491,0.0018460257549643526,0.004454940364474158,3,-0.01986489948875386,0,1,1,0,0,1,0.04590082227749803,0.04441465997081437,0.043946617775529995,0.04933928943106097,0.06594606421385399,0.043896180571489335,0.210323638512243,0.2982750596951202,1.393693905677714,0.059516661664016285,0.3398346123603642,0.8986224401621333,-0.11533937870116952,0.329313755553652,1.0522867566699272,-0.2934052508929181,0.30430829692602146,1.0654970320899717,0.14872398058947361,0.3672467288411856,0.6830787847198435,0.05867439135195578,0.3263262053409226,1.1428838556795746,0.2235086722199604,0.2869826083795228,1.3825115392410818,0.07114420498664932,0.3649334364433336,0.891787851413923,-0.11039479757628844,0.36882719027636474,1.0294989082867951,-0.3039377607881748,0.29755016969075165,1.0358783088835843,0.14925981985580242,0.3789151026849251,0.6184634730108503,0.05709558935113111,0.347754313299483,1.1293906441242096
3.419999999999845,1.0116897327192707,0.36215239677429617,0.5999535809091533,0.0022189434415165856,0.0033524392675164756,3,0.01955711908574592,0,1,1,0,0,1,0.05112752668916942,0.04459932326805302,0.04362285656691933,0.058881646704218776,0.07950088155881244,0.04378008491932622,0.1615289505128163,0.26504807577322465,1.3976472724204547,0.05324265605635541,0.33164516302254815,0.9323525518106547,-0.0877359354163229,0.3228196122968312,1.059370468475538,-0.2390782070934584,0.2609450661164871,1.1282980434905483,0.13718935510006722,0.2788393676600023,0.8271975399848089,0.04404427717072823,0.32838444170083475,1.1214565833034942,0.18324572257352653,0.25292621001398025,1.3912289006928433,0.05928325191778577,0.36296837754376615,0.926048255683913,-0.0860894373108331,0.3714779394329171,1.0326901543279985,-0.2612255077858042,0.2597952974832805,1.0975802062910083,0.13291736471704815,0.3087895217327316,0.767091171429256,0.041971164178908726,0.3507268103644129,1.1051331624823633
3.4399999999998427,1.0190468331950995,0.3628873943871013,0.7898551813020954,0.0021608206311833234,0.003002826645871879,3,0.10856104688475365,0,1,1,0,0,1,0.06218292571502204,0.04443623279699832,0.043397151559177366,0.07150164281331872,0.09208273903203418,0.04371795170663029,0.1141033903202528,0.21656731922374847,1.383760248669071,0.04210137667541805,0.3215993305669174,0.9643594503133516,-0.06507979962311046,0.33128356462982517,1.048806659839156,-0.18310845928384187,0.20965800145389368,1.1799736603334008,0.1047551585066481,0.21329851911608916,0.962779159209979,0.029913296902202208,0.33657534843456344,1.091338032589985,0.13598576861451103,0.21996054513001823,1.3876394480530372,0.04641000154553592,0.3619651598120023,0.9585674177151505,-0.06135912861314856,0.3736239362791672,1.0348946423347383,-0.20558325908886538,0.2234079048683546,1.1568839385129412,0.1105368782411896,0.2472861864400909,0.9106786624399418,0.027582987733590608,0.35387806526785226,1.0794140284410023
3.4599999999998405,1.0272056257111355,0.36506584299013506,0.8060275954462361,0.0018690051760952816,0.0035718966795805405,3,0.13437374612114286,0,1,1,0,0,1,0.07481402736888815,0.044288420201900436,0.04347889193113069,0.08189372705229281,0.09929902696957887,0.043808791114374634,0.0727039004949533,0.17844888525272878,1.3467065406074954,0.028697870807959373,0.32238958398964057,0.9882947154842631,-0.03408789270720551,0.3456535499552822,1.0304046164863492,-0.11997318490239907,0.1737143883609066,1.2132976757401812,0.06457732723894621,0.17030422731486985,1.0889916006214682,0.012477652315768552,0.34612940912985535,1.0544692688898882,0.08704080692600616,0.1916536005344595,1.3647720637943324,0.032645769233826394,0.3622508776155688,0.9901501189020487,-0.03668451806462871,0.37566424927339764,1.036401566253822,-0.141140688751516,0.19318101172705987,1.2031947436355444,0.08127802115266484,0.19833326616176533,1.040286952521773,0.013457102429799323,0.35708343662760433,1.053953921518715
3.4799999999998383,1.0358839713938053,0.36690581499366337,0.5183806641750873,0.0015566620110254873,0.0028879233503869505,3,0.06681459596141462,0,1,1,0,0,1,0.08455126432635274,0.0448550880855732,0.04382306095258465,0.08703652380811328,0.09974258747643719,0.044020781709873,0.02529759581392978,0.16148600748440972,1.29309773524725,0.013015255265099699,0.32821677794815646,1.0175199847108398,0.006161891364296672,0.3530132902100192,1.019977491982921,-0.04381457697110552,0.1593593537732791,1.2374899979249194,0.02639264343469291,0.14838563624419251,1.1920285901998184,-0.009300417806380638,0.3500144582265207,1.019676809617479,0.03921912189845658,0.17289412714780483,1.3191547972909512,0.01802951064555162,0.36280114879058406,1.0220210543391894,-0.011969039951943676,0.3776370169444598,1.0364583038804644,-0.07102079818010784,0.17247607806722995,1.2314230901170657,0.045582515000310395,0.16478234311061868,1.1502122566874224,5.593829935804026e-06,0.36089317224158546,1.028764450960922
3.499999999999836,1.0445426648154168,0.36728419567000836,0.26670653193656907,0.0013819936487456175,0.01727640943825422,3,-0.019913215953775282,0,1,1,0,0,1,0.08874162023268906,0.04454705802557163,0.04445000312780059,0.08648840739371788,0.09449279214112605,0.04425371655198018,-0.030995979560665403,0.16590032721895562,1.2125873014369812,-0.006969249889514241,0.3317179526181037,1.0589615721599628,0.04178443863132598,0.3504555263879969,1.0234414082914787,0.03978909271272705,0.16440811767374744,1.2378625366184064,-0.014765802841597713,0.14821931150149972,1.2719189138579883,-0.031212138358615943,0.34951454225337447,0.990598748657364,-0.005292944161866182,0.16852966427045094,1.2492687194711276,0.0027010599362477144,0.36377994046911055,1.0529834707066106,0.012681024269166088,0.37959813297865025,1.0349329173288175,0.0026026821080302534,0.16369549838111142,1.2392542220270748,0.0043801945270096725,0.14869499149354085,1.2386065040467926,-0.012773147736984803,0.36549205878045155,1.0028840524937086
3.519999999999834,1.0528898942307348,0.3665220513584951,0.20560510673580476,0.001407497641207823,0.004860389241455793,3,-0.06889890425979922,0,1,1,0,0,1,0.08799978004859119,0.04430482416714637,0.04455239401914829,0.08265160486087228,0.08666241901573357,0.04443501824203669,-0.07512346143442729,0.18745937495643242,1.1071679023981635,-0.025102095336438826,0.32788250880395375,1.092613936315906,0.07062892185696652,0.3461737822217685,1.0283574304141605,0.12010108134584331,0.17893789736505178,1.2160903668210228,-0.06201082690499122,0.16471263260376642,1.3314900108464234,-0.0470253909489513,0.34988980271156317,0.9640189047842341,-0.045230592490374734,0.18125386562410556,1.1551763099479504,-0.013471124813953916,0.3653781726526426,1.0820841127553604,0.03717065995198001,0.38124913553797,1.032232582816424,0.07652870235963521,0.16816218812612,1.2260676796103547,-0.04133601819039376,0.15002771953261018,1.304649340223382,-0.025234817541343324,0.37058013984070715,0.9762293181771179
3.5399999999998317,1.060981462365426,0.36554650036072833,0.16530774146150407,0.0016116303024381363,0.0071816146803756874,3,-0.07041436898279128,0,1,1,0,0,1,0.08338389111301331,0.044143814467724946,0.04420223427505013,0.07727837311140567,0.07846791954502957,0.04444930753521095,-0.09968971373608568,0.2262715818722818,0.9837338117239918,-0.041317575888499346,0.32158497333297326,1.1231420540232242,0.0958883876356132,0.342533948531955,1.0297511445429504,0.18503214607917287,0.20107308974879792,1.175264489944105,-0.11498611896204124,0.18966578515596874,1.3647062599962467,-0.05999781003015153,0.35416553442637677,0.9351388761633598,-0.08007380116512308,0.21185949593744252,1.039270182180445,-0.030485215490750506,0.3664533908958854,1.110227153379811,0.06130758546670708,0.38130104991676333,1.0286421665490715,0.14653539872056706,0.18570759274135668,1.192908063672597,-0.0897516373847941,0.16730736504456395,1.3480344983745725,-0.03721076144337368,0.3758083613152929,0.9489862745724151
3.5599999999998295,1.0686590765467965,0.36498477731334095,0.17628224129641468,0.0019171564812771593,0.007498508187412502,3,-0.05281020895669404,0,1,1,0,0,1,0.07587537417116372,0.044018115473353825,0.04398505149723267,0.07052056097968365,0.07057048209921238,0.04449295471399284,-0.11803823518666016,0.28351837974395194,0.8426846621020442,-0.05853568251120257,0.31653946838958813,1.1490582757505234,0.11850304584136054,0.34091184274695907,1.0283059284433207,0.23670316317399992,0.2316108409126896,1.1179028133216964,-0.16629441679914084,0.21899375529835763,1.3767357020641984,-0.07136329092554466,0.36092713237683854,0.9041843101531207,-0.10917079870210351,0.25830162326844774,0.9046846467597438,-0.04808896772763628,0.36711124214970353,1.1371988677971896,0.08509736728819531,0.3802718799757149,1.0243802452662696,0.2089334416640884,0.21388899820697202,1.14340339622296,-0.13845018164278924,0.19589932425839857,1.3703145498540614,-0.04875142688037287,0.38145550144489926,0.9210555911959126
3.5799999999998273,1.0758099647516153,0.3648188895159759,0.24387896282613278,0.0021608452185308087,0.008558638473680104,3,-0.042064311996159356,0,1,1,0,0,1,0.06750968906102728,0.04392488240991843,0.04387740928528314,0.06260191888242089,0.06251803302870848,0.0446796418657672,-0.13943019437410745,0.3505044041611728,0.6942584631513485,-0.07517213578748018,0.3126843422876252,1.1709313733415936,0.13887282030654663,0.34121027533111,1.0244287502297886,0.28487385185260516,0.26788850661255226,1.0575829729072606,-0.20804533987085813,0.25297065983750683,1.3747079925388004,-0.07982153154964153,0.3694603382863725,0.8728544616599442,-0.13219807756469815,0.31746203931864103,0.7574757108963267,-0.06604845555552252,0.3669255626199954,1.1630934957142276,0.10854907026098386,0.37865615488128734,1.0196955141401418,0.26123776507099944,0.2485746723178031,1.0849780449004969,-0.18344558625531854,0.23066368780895938,1.3751257289212822,-0.05994148844523042,0.38751077484831375,0.8917922168849233
3.599999999999825,1.082746287151713,0.3646730486409454,0.23996588619664214,0.0021429827075208005,0.009217836002442206,3,-0.04935429696730893,0,1,1,0,0,1,0.05989083213276897,0.04389269972145171,0.0438195147112212,0.05399822802503296,0.0538142402073819,0.044892843656834186,-0.1601717689476765,0.4203996132505639,0.546999315499936,-0.09225721165143996,0.3118672456686257,1.190738938965478,0.15939192705314614,0.33986267494602196,1.020186354446168,0.3249866650623417,0.30752461732460296,1.0030736424639415,-0.23884479967467226,0.28757970364169905,1.3631553008144004,-0.08966883213272223,0.3775403230317115,0.8423492005301877,-0.14903702933934496,0.38337969097617397,0.6077823973148979,-0.08427388799616536,0.36577017884696245,1.1880421145189075,0.1315958728839013,0.3764760907355313,1.0143841915892153,0.3010016562397228,0.28436907319546595,1.0267263919903977,-0.22026849571764578,0.2658221127434647,1.3678985200599454,-0.07070111357571988,0.3941564834938356,0.8608569551502462
3.619999999999823,1.089917544969254,0.36403731797284594,0.158418564286798,0.0016323537177512185,0.0092196707287941,3,-0.0714541385777526,0,1,1,0,0,1,0.05363995907820715,0.04391814895438215,0.04377090851717333,0.046175944205585934,0.04524198024827153,0.044533978303588684,-0.171109829503218,0.48044792620579607,0.4291666783674697,-0.11163343964249041,0.31126272503875996,1.2131910947337028,0.182314061790855,0.3366998856356064,1.016053771921646,0.34577871126830795,0.34030610409529677,0.9644466000670459,-0.25656428510386886,0.31763007114875375,1.349268833001743,-0.10095635219540014,0.3846097891347039,0.8096488923273832,-0.15956852340494412,0.4449899126165869,0.47613187978545995,-0.10276396480783026,0.3638793257545331,1.2114881658921595,0.15412798398767527,0.37383615925179153,1.0083180049240386,0.3260748231695221,0.3151837368347256,0.9792481003205359,-0.2442535632824853,0.29551152110308077,1.3548250593720736,-0.08103341068131716,0.4016817455349151,0.828089657750564
3.6399999999998207,1.0974975307022259,0.3632395452596162,0.34778477461645113,0.0006021208834660779,0.008126365481785828,3,-0.033519379372904716,0,1,1,1,1,1,0.04787027775251368,0.04393902768952135,0.043724107126134504,0.04276888327766712,0.04259886842469521,0.04461769318783679,-0.16897478953494408,0.5022907505590924,0.3936409660771262,-0.12633462143449295,0.3063187117792062,1.2398411825738977,0.20167384847803072,0.33241937216537576,1.01085330704404,0.3417817500004669,0.3496501620491875,0.9630998102050248,-0.24975316694075858,0.32248075586538805,1.3401436539104656,-0.11237338957076883,0.3967556650335104,0.7748363858177182,-0.16367897952308322,0.48174085789981214,0.4058743430651312,-0.1215253031962804,0.3610902479529664,1.2330794200061344,0.17612841323944733,0.37061557882172147,1.0016792829386771,0.3348404135246778,0.33550513644042507,0.953806363646795,-0.2505162056408942,0.31566036182973317,1.3412236435436313,-0.09090906755522862,0.41024197044652067,0.7929892863808577
3.6599999999998185,1.1052685399627582,0.36330794155582036,0.5716689889770592,0.00028023368015391687,0.010216793729915156,4,0.04998747333944389,1,1,1,1,1,0,0.04374611378540358,0.04392615898803609,0.04372884984351397,0.04319992079324256,0.043228074582975146,0.045107962295843934,-0.15941142435584607,0.471456853228685,0.4840394446550919,-0.14215481372102887,0.3040917006724525,1.2616730960886813,0.22083959000292971,0.332897926760515,1.0001160414849952,0.3237942243610247,0.34703074451850124,0.9762280386423233,-0.23157480689543672,0.32087518521208663,1.326459562057404,-0.12050604629191278,0.4132549251268214,0.7343223746235505,-0.16057061488253552,0.4729133838729698,0.4429365965461717,-0.14029558551192858,0.3572873454166027,1.2533252996822541,0.1976652636768458,0.36569713355058725,0.9949503606489271,0.3239622466716706,0.3433660188813239,0.95645702577065,-0.23583987982095148,0.3245550538654586,1.3286328722377028,-0.10065285733640822,0.4198465637560889,0.7549676939745065
3.6799999999998163,1.1125840387378803,0.3644487769800547,0.4281462672749585,0.000534655494138043,0.004756127673851811,4,0.05438357580394508,0,1,1,1,1,1,0.04625270047031832,0.04394821479699412,0.0438488427729421,0.04389007254258137,0.043904537057090326,0.044683515969534654,-0.15060458407914656,0.450820381491649,0.538753756670005,-0.16865150044730623,0.3108347286726853,1.2730533950924319,0.24406929461351046,0.34037719901315366,0.98305631946891,0.29584011463923315,0.34677630144496596,0.9841645064108181,-0.20617736765723946,0.32018357372345235,1.3091583287948538,-0.12313588998047316,0.4271407370029583,0.6897114157642139,-0.15452533140799818,0.4517671791701594,0.5125130669975834,-0.15885927283933943,0.352054355445947,1.2727424126920772,0.21818344460385278,0.3612979424228017,0.9883492192721489,0.30577717771890894,0.3463911979273021,0.9693883045851013,-0.2137125631734743,0.32908188222231005,1.3144902461604853,-0.10994741172733628,0.4310296714195958,0.7145001472193987
3.699999999999814,1.119471974494553,0.3648538563342157,0.5766940378613188,0.0004535695844931417,0.061330952870863625,5,-0.007830980997965649,0,1,1,1,1,1,0.04825289941675312,0.04407255111965888,0.044074052861175744,0.04426195096978794,0.044255465819559664,0.0448839073296636,-0.142804534216404,0.4245167989927486,0.592101268183016,-0.1879952295008969,0.3144935274493101,1.2872422542777806,0.26007679491142155,0.33855791099942395,0.9754073872093696,0.2736974807689237,0.3500760378421596,0.9899081202738378,-0.19095414043034895,0.3178530673167568,1.293927797082395,-0.12569611665523298,0.4444185621595176,0.6504282439310651,-0.1466469067832117,0.43323443422802793,0.5709946248891193,-0.17754198677911925,0.34920438173643714,1.2897801802785898,0.2380380296578964,0.3587452486708375,0.9813947800882592,0.28519892510174183,0.34884281906216796,0.9791058613779029,-0.19362125696513863,0.33121265016562695,1.2987981152477601,-0.11985002880533059,0.4434820307693468,0.6719487857767844
3.719999999999812,1.126392475858094,0.3643510438949509,0.7384255294268852,0.0004406757958364011,0.025994877017069797,5,-0.03612578556044421,0,1,1,1,1,1,0.04654202082907338,0.04421512923450607,0.04426257443374598,0.04440738332640548,0.04435904562792592,0.0447666499972488,-0.1357228028786178,0.40738858353998214,0.6444460166685486,-0.20673755865392018,0.30988554477309493,1.3080516529164945,0.2761227255672835,0.3375008261884294,0.9701013087477202,0.2541064632968965,0.3463823556622193,1.0006713205410298,-0.17399674399313925,0.31820624618696575,1.2789303077704557,-0.12943170291450262,0.46343238688659016,0.6025313456527357,-0.1389184561771102,0.41941940276727285,0.6246472212999242,-0.196461874298948,0.3460833139794386,1.3062890803014156,0.25742666526752767,0.35617737772023916,0.9736536440375259,0.2646388838277544,0.3517109904830473,0.9892828243066469,-0.1734727731448426,0.33429312288891,1.282581257483223,-0.12927527554174398,0.4582703999204929,0.6250466190037108
3.7399999999998097,1.1336231712266658,0.36382814615225734,0.805801298591405,0.000430743161459263,0.005399271255680092,5,-0.015746309630489147,1,1,1,1,1,1,0.043463422596336176,0.04424160049454018,0.044309416088723796,0.04436752577674549,0.044301489644846814,0.044924825600369644,-0.12505357410376527,0.3974947368847222,0.6886646284647231,-0.22795689505294311,0.30936670304693226,1.3262611347280844,0.29669382546412754,0.3360316535104381,0.9630804298474949,0.23186239784919035,0.34495739286139776,1.0092872861772606,-0.1528601515964394,0.3160480050809149,1.263774701991687,-0.14092994395558117,0.4809366670179293,0.5516414516599933,-0.13035151700163372,0.4077617469774799,0.6731823548659166,-0.2158441198780482,0.3431701889601442,1.3212604671188892,0.2763341728995613,0.35423336146731527,0.9655700904022843,0.24328893247827219,0.35449915591399106,0.9976562151387897,-0.15433252340347142,0.336836604841404,1.2652183909896673,-0.13869404952235978,0.47490121788806283,0.5742508089722426
3.7599999999998075,1.140671463286897,0.3639667986176198,0.8324540360520258,0.00045462897965138925,0.004001464302220359,5,0.023514136818799467,1,1,1,1,1,0,0.04426248415858214,0.04423711243418707,0.04434872490715083,0.044279213484326146,0.044217429689802384,0.04506827029193039,-0.11512302858636182,0.37838863403815753,0.7417281350427748,-0.2500307044401924,0.31109840488372,1.3404382632612466,0.31655693792654527,0.33902295321290804,0.9504641776771879,0.20943063593613773,0.3453194044471805,1.0143470503041412,-0.132523930052721,0.3175977285362693,1.2440484226540038,-0.15371188230506874,0.5037812209041255,0.4899953044979724,-0.12177230319578117,0.39870677030170226,0.7185723019676652,-0.23567489234020988,0.33943648338435367,1.3363784075958072,0.2946920605938797,0.35198094716626827,0.9566131151100704,0.22091160486358744,0.3584386585161954,1.0052287619171307,-0.13578489844095662,0.3397412488099373,1.2461594750660165,-0.1478167457398514,0.4946941056265034,0.5181693482562647
3.7799999999998053,1.1471043144933362,0.36450237868254265,0.7995059618142711,0.0004912094540136538,0.006146976481544791,5,0.02159080311808423,1,1,1,1,1,0,0.04462774843991235,0.04427957873645405,0.04470695320106338,0.04422605623637188,0.04417308467502118,0.04504100609324882,-0.10606604313093626,0.37059433912588735,0.7740191463632906,-0.27201825480234454,0.3133396254585504,1.3518699605905418,0.33347396310977756,0.3438971051951344,0.9371651237250418,0.18787515168943922,0.3453550972823827,1.0182008304809944,-0.11382936011403615,0.3216995342273878,1.222461327543948,-0.16406187577354858,0.5286919047112754,0.42588365825615926,-0.11248440858667391,0.39097799131603794,0.7606676321382523,-0.25609120240254113,0.3358584218437431,1.3504755882237396,0.31249726448020715,0.3503673725383641,0.9472217565006916,0.1981655007284877,0.36241868386695447,1.0116158165949571,-0.1179326706301909,0.34267872018043866,1.226266257812509,-0.156909724001224,0.5177511229394489,0.45511247250599696
3.799999999999803,1.153086819827263,0.364599128918666,0.8372076064758747,0.0004897012687638737,0.02369432549562874,5,-0.009645366803488526,1,1,1,1,1,0,0.04484832412079895,0.04439990285556589,0.04490397621444292,0.04420205927706028,0.04415214322658356,0.04500335459170199,-0.09528719222100798,0.35966333029278885,0.8082062216241194,-0.2899880013467832,0.3156748156549285,1.3640859386869317,0.34289705692758027,0.34349103639299383,0.9337780669933299,0.16885907405149692,0.34658041221042785,1.0223650630334933,-0.09874947623655494,0.32236941874179015,1.204448378426282,-0.17204594104256846,0.555184636712464,0.36199471728711924,-0.10260867261910522,0.38386862784191494,0.7994607477552602,-0.27565550527927113,0.3321651649175628,1.3639554262112241,0.32862588432855483,0.348506853664898,0.9389494130566755,0.17467471292031128,0.3662411321453989,1.0169999604702604,-0.10104767365532395,0.3450532750146555,1.2055466049106252,-0.16535326145935622,0.542372274413402,0.38985488440063426
3.819999999999801,1.158716611784807,0.3636400580686839,0.7861253925221611,0.00025360085989834945,0.001781594063165328,3,-0.030231030062417508,1,0,0,1,1,0,0.0449489342929309,0.04510140132599677,0.04628901842360536,0.044126331366853844,0.04407726255135341,0.04521033305202746,-0.08494449648399671,0.34842237737110415,0.8442695887152527,-0.29268399221419644,0.3095307515639399,1.3854944250733605,0.34089626162006376,0.33173145739217597,0.9658647562188181,0.1516435618898261,0.33941655044853597,1.0332668250115313,-0.07989182066260055,0.3217869593977192,1.190560848583068,-0.17193462697035303,0.5163846699388265,0.44973761998904316,-0.09259073912547956,0.37834787911611906,0.8363029814303206,-0.27824134746540563,0.31765722916344674,1.3789341535629633,0.3291795033805442,0.33399142673728177,0.9543472635360825,0.15113355566270625,0.37004226074176855,1.02233917014392,-0.08450596999805211,0.347738035324681,1.184061023067218,-0.1672324290117173,0.5263150084935905,0.4140628513726983
3.8399999999997987,1.1639929307390433,0.36261529745852605,0.8008044947774664,0.001214793795685647,0.0017649148417011769,3,-0.006343420208350537,1,0,0,1,1,0,0.04476722394605806,0.04610068355704092,0.04871561509641975,0.04395241374658776,0.04392873565649888,0.04648909662630821,-0.0768437436575473,0.338235176744447,0.8757096445581403,-0.2603724556319117,0.2975824749955537,1.4056566853756136,0.30821633016660366,0.3117294690257441,1.0210153087205893,0.13551855807781835,0.33204358897853803,1.0427914880783573,-0.06431491180125368,0.3231833104759533,1.1756187006543577,-0.16223803591647232,0.4606390144102334,0.5838985883911564,-0.08295083065960947,0.37317573096500767,0.8717743045596645,-0.26148094483976564,0.29093721224009034,1.3947706100980304,0.3119658841172657,0.3066536748216451,0.9949464756697374,0.12802044509500235,0.37337771115139906,1.0276512915068021,-0.06828301137720251,0.3502185097258491,1.1618862232075529,-0.1615135588433072,0.4711748986668527,0.5242582126044245
3.8599999999997965,1.1698522424071924,0.3619651050360937,0.6912695699450413,0.0020149365052880494,0.0018904555795432368,3,0.01926622083080493,1,0,0,1,1,0,0.0446158404784171,0.050870765093043,0.055559708012639486,0.04369414194327986,0.04373339642594043,0.05245030070847667,-0.07153842375748917,0.33329531996655637,0.9054766982631756,-0.21244423233008963,0.26953841108819226,1.4176350306346857,0.2598383417927234,0.2768349465713444,1.0814763143254582,0.10923743998888384,0.3267866486387729,1.0478969788912953,-0.04905969272342533,0.32374784817936725,1.1580258038318272,-0.14846306409786944,0.38789671974693757,0.7347798020832934,-0.07220436226829074,0.3682278791868402,0.9045676516552921,-0.22952910277128136,0.2567038259939933,1.40856124989665,0.2797310301402002,0.27069618934509543,1.0511310272142882,0.10318273162887678,0.3767349563220042,1.030538369221791,-0.05327222006051114,0.35288327860757757,1.1387062347790236,-0.14938628638171653,0.40257924995763933,0.6689061983141608
3.8799999999997943,1.1768964084658529,0.36222843638679136,0.6303088819687466,0.0022103341224509543,0.0015556097755268475,3,0.07859209114050311,1,0,0,1,1,0,0.044657526989637986,0.061783118119371316,0.06738106479595904,0.043477034715030144,0.04356459472000809,0.06309414938207206,-0.06338144944314222,0.3275113571352306,0.9391100321813572,-0.16611241686368813,0.22176268352144388,1.4161387820530111,0.21282718215365548,0.22675436853877345,1.1387982130077499,0.0785959803142446,0.32994191668484496,1.0435284824608917,-0.03392418680006548,0.3259861801345403,1.1336254589740375,-0.12666698554763836,0.31401993768431685,0.8803690592857549,-0.06129558484857868,0.36286952327641137,0.9362755441472276,-0.18692761597562663,0.22009432933273168,1.412460575871535,0.23436108973337547,0.2337545669977879,1.1116323958829304,0.07902255646536609,0.37868161155805935,1.0332216132707233,-0.03884283435573994,0.35467021174328506,1.1152570494208587,-0.1306286922261795,0.33571594246598824,0.8179045740495361
3.899999999999792,1.1849145112026416,0.36380355517099155,0.7641138194722493,0.002069841379009509,0.002376809930755796,3,0.1261801875697737,1,0,0,1,1,0,0.044513305218383536,0.07550402878141621,0.07987092671669907,0.0434761534679276,0.04354690558403426,0.07495141133935573,-0.05148859437661944,0.322117182012193,0.9690498340886765,-0.12012684169023108,0.17203555625851966,1.391231527842519,0.16106182837743266,0.17949096722870045,1.184038850990031,0.04913926189839416,0.3419843460717933,1.0303767517013163,-0.021175134692437775,0.3348328118654748,1.09857560454524,-0.09589712450328566,0.25495047494390455,1.0119682225353583,-0.0492620647890458,0.35821005522852006,0.9657346107748415,-0.13856369172224603,0.18631419024288887,1.4025723762150448,0.17808491700618884,0.19893667717853328,1.1670034756227263,0.05309559689020465,0.3811038909479607,1.0331394203567983,-0.025302966617157516,0.35698455065259665,1.090769351474449,-0.10598334578570963,0.2775719303433388,0.9584217145100141
3.91999999999979,1.193501961886481,0.3659409411729291,0.8418213967715276,0.001772315947260418,0.003700593452716607,3,0.11554187125579943,1,0,0,1,1,0,0.0444228035914096,0.0871652651245236,0.08809090987564386,0.043709272761239065,0.04373010496409668,0.08466060824763857,-0.03669052808409285,0.321755422440652,0.9939926434445359,-0.07100434172733892,0.14146424088408194,1.3515844466431612,0.0925451710046213,0.15061844959063553,1.2193697158642245,0.015426894083326618,0.35534041660662025,1.017287841761493,-0.008567329943878316,0.34436074354862817,1.058914205192394,-0.061744242991003104,0.21009601823135413,1.1328521647844698,-0.03642560945645168,0.3542869974660804,0.9934353601013335,-0.08860293008247203,0.16042351852059195,1.3731987862201394,0.11315144550208073,0.17126444607876648,1.209331976951612,0.02587961621384812,0.38379555217713546,1.0310376528996221,-0.01251989106888912,0.35974600069204676,1.0648004526879375,-0.07546047301623562,0.23262298592936512,1.083326983840469
3.9399999999997877,1.2023372373211068,0.36740546754440867,0.7861832062061437,0.001487667038111721,0.004153627050773446,3,0.043744275909032286,1,0,0,1,1,0,0.04459461261101183,0.09271420679169534,0.08965981860880412,0.04408298157788823,0.04402998817650905,0.08855025997279936,-0.01738620266583152,0.32290684800690345,1.020954408594461,-0.017284599384166557,0.1389019878970475,1.2924503380883332,0.010659369057877854,0.14559254790696602,1.2370518698691397,-0.020745634945447077,0.3628649626486808,1.0123744673991544,0.007134368827188672,0.34888925772209384,1.0225542218053068,-0.022789603955502453,0.18747597593460563,1.2254074562612138,-0.022926787171378957,0.3517387786466805,1.0196623756023082,-0.04033282548886191,0.14686323123474537,1.3211240703426603,0.042740130104970346,0.15413129757436386,1.2330781174708076,-0.0023470425049523062,0.3866278901626139,1.0277837114366426,-0.00034865141534912245,0.3631049772195554,1.0368815340810478,-0.039250615409911274,0.2039384979118033,1.1880762320726215
3.9599999999997855,1.211169458093591,0.36744024455439517,0.7342731353291018,0.0013482720648267795,0.005819016677816871,3,-0.039559029102475426,1,0,0,1,1,0,0.044582653040321996,0.09252559678132824,0.08634288341718521,0.04445532297440924,0.04434494165223257,0.08604592179731446,0.0028825557093449953,0.3201360023874028,1.0517624838397241,0.031219301091680852,0.15513171147433674,1.2074876388947757,-0.0714951725066366,0.15653854288895744,1.2332684603945927,-0.054065042544072246,0.36235992610089984,1.0164972643269856,0.02337564943571289,0.35030265088977525,0.991776651336023,0.02270740268719426,0.18789421819937882,1.2984839987410028,-0.008655729547703174,0.35131190859960437,1.0449220412082048,0.004337580518614548,0.14891097319616042,1.2451241403540863,-0.029752416159323173,0.1496110030517612,1.2357385722867975,-0.030834956055943094,0.3892117261532804,1.0243579023153104,0.01165475574086412,0.3673267897320976,1.007048549209589,0.002078763939263848,0.19229230735183492,1.2695811743428658
3.9799999999997833,1.219903517460248,0.36653012075942565,0.7101588334993393,0.0014187320929014398,0.007200811154108019,3,-0.07528449748740727,1,0,0,1,1,0,0.04428190067477647,0.08909245839220287,0.08114071930866379,0.04431833739720545,0.04446660955152543,0.07887860147292894,0.020778152197669732,0.3140454480762448,1.0830528989591326,0.06588698058291949,0.1838607169010699,1.0969363344820724,-0.14160874816223343,0.17481613887674335,1.2069120238876248,-0.08505512659617422,0.3585632183433724,1.0215712587672094,0.03720807436846964,0.353049673565513,0.9616580019343334,0.07115876016635624,0.20871237614586402,1.3480354613841463,0.0066061177404316065,0.3520617218158877,1.0692096518429,0.044399946313395666,0.16907420211111573,1.1450620436160912,-0.10072925378131006,0.15879281358126318,1.21726645144577,-0.058604181362748115,0.3910102135174646,1.020734451861973,0.023427718193449926,0.37186013817301167,0.9762939484469012,0.047450553449309985,0.19699759238993395,1.3266194311080337
3.999999999999781,1.2283299002490304,0.36569349375735366,0.6073537632787107,0.0016736021529973383,0.007398721622704254,3,-0.062105166643645876,1,0,0,1,1,0,0.04406156623790794,0.08379669104585613,0.07552369676503104,0.044065154939743,0.04443084105751688,0.06981222676578958,0.03787969804013075,0.3110621658997405,1.110129723982415,0.09188321489819848,0.2281105461678418,0.9652667481554427,-0.19760502955287018,0.19990878025870873,1.1603131998296095,-0.11572202552484659,0.3537198053881547,1.0244411958912054,0.05105508773275048,0.357682544985518,0.9294790053561919,0.11958587331794691,0.23816656263812475,1.3723391319883338,0.022892491994677737,0.3529517253076554,1.0925455698394901,0.07907216349621438,0.20710759249201793,1.0233419302311275,-0.1666084804445559,0.1806852499022393,1.1798732898869035,-0.0853972564811559,0.3916717187220975,1.0165673646288267,0.03481008953484385,0.37637374746209473,0.9446480567905154,0.09516473762678872,0.21540069751355623,1.3602314248382457
4.019999999999779,1.2361288882467372,0.365504978639942,0.48959375758437146,0.002000582651823792,0.006839246978044387,3,-0.03352213293582594,1,0,0,1,1,0,0.04393386723191217,0.07719183190563508,0.06945371098626785,0.04385973806722809,0.044448909401330644,0.06118242782380634,0.05432233164446825,0.31176555623588925,1.1309907956944822,0.11807834542219435,0.28758096243969866,0.82024560433007,-0.2491071461736985,0.23161382901898167,1.102531867422136,-0.1443821078444523,0.35169307999113386,1.0218825380146628,0.06343074066522819,0.36442544408692784,0.895781135264745,0.16672252908095883,0.269309043183509,1.3774238900092357,0.03973891138895881,0.3530651922347862,1.1151177134240362,0.10780991290654199,0.2607969005893159,0.8839606749282765,-0.22425335667576157,0.21273646187546233,1.1281142097391519,-0.1107602302168797,0.39090847850380944,1.0122049493809973,0.04579842336611495,0.3806660998112574,0.912190873949579,0.1425597465363706,0.24322595118975496,1.3735115193582126
4.039999999999777,1.243335663897323,0.36574922032093005,0.41987215544639483,0.0022208523096947513,0.006848267764944981,3,-0.027439527012426808,1,0,0,1,1,0,0.04388733675327319,0.06967955493654254,0.062094302072783714,0.04374197137053329,0.04459785412565606,0.053647945326083274,0.06967965927844466,0.31294849144327047,1.1490350256161792,0.14402304283140513,0.35786344427785677,0.6678970170782365,-0.2972792503628998,0.2696392946467957,1.0417126006967068,-0.16943612899580737,0.352463585536741,1.0148342540627968,0.07362143860865358,0.37287235207301506,0.8622681180684347,0.20944342637886343,0.2996006059302437,1.3687306572638365,0.05702612503147624,0.3524288220166752,1.1369555882977715,0.1304225502667615,0.3260028727889086,0.7335115943167761,-0.27112945398242994,0.25044588699458137,1.069183963483017,-0.13473222981965283,0.3887868277631447,1.0078886661503332,0.05644544532467257,0.3850374191487673,0.8789771522186092,0.18573066649345893,0.27494480718672715,1.371112472074125
4.059999999999775,1.250397573256772,0.3657100564993249,0.3488206414851328,0.002115418683848355,0.0074101641280499555,3,-0.051530315602279206,1,0,0,1,1,0,0.043912819778211654,0.061771402555388766,0.05348528317658918,0.04373543585113915,0.04479071841253454,0.046900686343962994,0.08594377798571999,0.3130088042505242,1.1687535473957489,0.16209404481669976,0.4302892380309045,0.5232380889222429,-0.3296874119716551,0.309740565470376,0.9896091129599924,-0.19200693597706653,0.3516466519205972,1.00839017489028,0.08460960989510347,0.3806351964385559,0.8303419142421136,0.24036269304085459,0.32539114832040916,1.3525698158592598,0.07459136758956934,0.35164597556468025,1.1583988401644618,0.1467574210409186,0.39545785143632833,0.5838534459602764,-0.30501832804783113,0.2879993755214325,1.0125921325572829,-0.15724842635629252,0.3854287121222695,1.0039731125522127,0.06694599211079046,0.3898274940151814,0.8448345976729638,0.22007342681722059,0.3047803135016706,1.358592765324991
4.079999999999773,1.2576117721928841,0.36497814674960904,0.38044799158826187,0.0014458209504126381,0.008132943290379186,3,-0.07130342804226367,1,0,0,1,1,1,0.04393693826508782,0.05368048177743623,0.045088518458030996,0.04379194531192743,0.0449153787105874,0.04271793017718062,0.10252010697111351,0.30787025569052046,1.193757512701569,0.16824261279522665,0.48657701034812734,0.4179559646284894,-0.3390731906327077,0.3427667793178156,0.9561739301166805,-0.20961379942936814,0.34770558835342125,1.005164017924113,0.09655640266232515,0.39060965722174484,0.7971715673615648,0.24761261201980234,0.33754658308876395,1.3369211626315245,0.09230262339466144,0.35107184534514396,1.1797004068578296,0.1565273468074785,0.45577469039848606,0.46043181732153676,-0.3238281598115794,0.31903599688776596,0.9692617582038345,-0.17833248128247303,0.3811832103957392,1.0003275769051363,0.07737850255593628,0.39522801326867507,0.8096178380009268,0.2407543692833838,0.3277053083085871,1.3416046268036013
4.0999999999997705,1.264675862688952,0.3641404996797053,0.6088592827913674,0.00038549355289968826,0.01029905740817375,3,-0.0262387581673311,1,0,1,1,0,1,0.043893545890967334,0.04526483433376627,0.04252972705905958,0.0438475065282416,0.04512859617175474,0.04296970189140223,0.1182406724727943,0.3001724440161167,1.2190386127838186,0.16396585623532042,0.501313980739177,0.4121656160137332,-0.32633375922593155,0.34623853667241233,0.9642110838325668,-0.2212724600751458,0.3431337884063689,1.0027228100063452,0.10422151353180725,0.40666293701042977,0.7556371587752524,0.23944944620078068,0.3344110840752661,1.3278034522469162,0.11021257532508161,0.3503418784281097,1.2009545364340384,0.15917502598306751,0.4834011208240518,0.4125139001027221,-0.32547890798984724,0.33836416860464935,0.9495311690380935,-0.1979717649539473,0.3762359337393485,0.9964962396260134,0.08769809076534223,0.40123838743170115,0.773294826662782,0.24339333967683502,0.33988829943001236,1.3245264108226948
4.119999999999768,1.271430546016233,0.36408049553169874,0.6238465915680428,0.0003704145776594225,0.004541450233400541,4,0.039984220756298205,1,1,1,1,0,1,0.04382603808109825,0.04491449751750404,0.043141433676258,0.04387868621950852,0.045798799513714294,0.043582293916091,0.13714777605680295,0.3032506407755891,1.2344595037858639,0.15517908744664544,0.4617439254101504,0.5039139719200384,-0.3033869088610667,0.3464230748972074,0.9753236572188733,-0.23726144140732194,0.33946487532253145,0.9967297691256952,0.10285767832877042,0.41766658916111177,0.721216922021605,0.22445536107699995,0.327154180725747,1.3180155819412767,0.12821675322444023,0.3484175251806944,1.221721646050033,0.15417754119044258,0.4664535060748107,0.46548733969176953,-0.30924090273383886,0.3452041325290191,0.9563968572276622,-0.21601039924462342,0.3710938689471139,0.99257263417236,0.09789071744776544,0.4075449362784151,0.7359026388904845,0.22703709212910164,0.3412535031160402,1.3085921004850594
4.139999999999766,1.2779571677010786,0.36532676763665267,0.3728463713898063,0.00045008892647572835,0.0035942749466289703,4,0.06898444392280396,1,0,1,1,0,1,0.04387954891970869,0.04878711541912631,0.0437498298690584,0.04399237866137656,0.046002872222661556,0.043884066221435786,0.16515051194503927,0.3121942647087948,1.2426729389315607,0.14313625498582164,0.4450538921141624,0.5476295771504023,-0.2727729330734156,0.34750134857952353,0.981818066949096,-0.2570549123428567,0.3468087808502704,0.9797385633854467,0.10280584633744781,0.42670191720758344,0.6815568855208096,0.20299743927904576,0.32612144876806815,1.29981111688716,0.14569159083081645,0.3445118392678912,1.2421519754069603,0.14703401133826743,0.44762566443834895,0.5268069449508215,-0.2889875904689813,0.3508130092639601,0.966547046812588,-0.23278965429170087,0.3660847115398721,0.9881145727601552,0.10762809741959663,0.4141349571890818,0.6965603603449191,0.2076295303013415,0.34239201852231477,1.2923820731658635
4.159999999999764,1.2842829581402313,0.365951029492749,0.40349358283983056,0.00046110298669341514,0.0037934783483319226,4,0.00028233714974419503,1,0,1,1,0,1,0.044075692000630134,0.050827946807636304,0.04407935280889766,0.0442562711728863,0.04689813837071177,0.04403972504806783,0.18344827259451593,0.31396704645584644,1.2576622458322362,0.13045441408329178,0.4200957565477121,0.6077582935874171,-0.25119742944762385,0.347809004074092,0.9897392408646998,-0.2719834224571447,0.3498170454103145,0.9673987122186005,0.1127144325506596,0.44176344072208723,0.634096281224903,0.18804810297328928,0.32735005953805446,1.280693980065775,0.16515282618928034,0.34210692164882706,1.259084456973918,0.13952263733837955,0.4300502701933978,0.5849885255388166,-0.2694580595710946,0.35240154741178414,0.9770427320055626,-0.2540735131796435,0.36524630473576813,0.978870962937831,0.11651041061377726,0.42325386902764683,0.6513080666438825,0.18739915228136003,0.3414909113891857,1.2773795958605176
4.179999999999762,1.290584295941189,0.365477182073885,0.4735935156409509,0.000418598309922218,0.004454177745316409,4,-0.03493562963453612,1,0,1,1,0,1,0.04432625570860005,0.049068040749826264,0.04422821654668721,0.04460040948968322,0.049335130230232754,0.044117360276412054,0.19609455765597683,0.3106453944619429,1.2790897284791667,0.12114873977396765,0.4075927904153495,0.654454890001771,-0.23521759857331587,0.3443150804059569,1.001266941587346,-0.2903243209031676,0.3479694765788799,0.9620129158552421,0.1287123844588902,0.450536678405997,0.5881558014745675,0.16864913021142605,0.32567579623947,1.2661973903888641,0.18375444276585082,0.3418089873152613,1.2775593800222633,0.13150733610373805,0.4155430966151861,0.6353715699176371,-0.24901644520233168,0.3548789371587055,0.9860314854263119,-0.27239584251401777,0.3643208904054637,0.9723173732662064,0.12661892426194904,0.43541631596601826,0.6043763408114642,0.16807352946174936,0.3421358664333381,1.2593994554931662
4.1999999999997595,1.2970663979064931,0.3648337331712797,0.5119742082025748,0.00044655343858113195,0.0039117900664754485,4,-0.02143819383706856,1,1,1,1,0,1,0.04431454521050801,0.04403941528918792,0.04421108207239266,0.04462837497689151,0.05286786876167876,0.044099722444108425,0.20970713515700432,0.30882099916869954,1.2981302968255601,0.11785831252618308,0.403227466071282,0.7036182528267106,-0.21924062980788067,0.3415092947057118,1.0103120387226137,-0.31194947701058284,0.3468121208171818,0.9554382946084009,0.14429200983930432,0.46212927981169627,0.5260648440088489,0.14561675119778159,0.3232035666929475,1.252345673709812,0.20373926838648926,0.3421404396359705,1.2935411185009476,0.12332850953675525,0.40210391784540833,0.6832172594467854,-0.22893957386407598,0.3556174252193374,0.9947487901621914,-0.29331833388659134,0.36542002743151286,0.9623769682751276,0.13576096302607693,0.44968932361236486,0.5508644987873405,0.14881832490035615,0.34182229803228925,1.2418704491132755
4.219999999999757,1.3035248782074018,0.3649361879831481,0.5576304519021776,0.00044169373434268925,0.013041928799832219,5,0.030289289818878982,1,1,1,1,0,1,0.044249569038881914,0.04357297305220262,0.04415214791541083,0.0444859031756166,0.05599429956535848,0.04404496306864414,0.22776478684830773,0.30971265953051696,1.3123229504298137,0.11074508894652303,0.3875044691057278,0.7538471561075489,-0.2002689253444448,0.34171387606301695,1.01443137138609,-0.3305729138929858,0.3501930873395839,0.9430793601621171,0.155526545496578,0.4767067921454588,0.4692665666392398,0.12644291918924122,0.32482826786399344,1.2333577887404763,0.22342671062143846,0.341852900982954,1.310012444133027,0.11460359113763387,0.3920433134316931,0.7260435525012257,-0.2079723015680333,0.3577682388786585,1.002210378313407,-0.31166707813238886,0.3655481241097863,0.9528470840496565,0.14505681341271,0.46706676780444145,0.4935215931366594,0.13075525285751882,0.3429790510055886,1.2232043287326004
4.239999999999755,1.3099435457500166,0.3657332739802003,0.5345983026960685,0.0004955710878422944,0.005094447596124429,5,0.03639094567443357,1,1,1,1,0,1,0.044290681277511845,0.04438324408505803,0.044156859068780085,0.04462086849143415,0.05758356516213367,0.04402003915446903,0.2517104421326753,0.31523117330256284,1.321840109316306,0.10233449169117675,0.3783592380464058,0.787484076119369,-0.1760995171702667,0.34542604330441157,1.015220305079386,-0.34631171321751447,0.35406268568755334,0.9298501095552957,0.1622097936974013,0.5021250427115582,0.3988702113851897,0.11123460206292915,0.32730302723259314,1.2110730522923374,0.24407844434428422,0.3412879442540222,1.3254275550971213,0.10550219104372666,0.383818337680677,0.7668293283914313,-0.1867445061386958,0.3600388885369849,1.0094719770115663,-0.3298590218440237,0.3656762054934167,0.9422540220074009,0.1540009361906593,0.4885416431380287,0.42804048709311143,0.1132547663244029,0.34385112451660643,1.2043835187798662
4.259999999999753,1.3163575730000034,0.3658446027269551,0.531025121899312,0.00036095445422406046,0.027067860157957244,4,-0.014437608632467385,1,0,1,1,0,1,0.04471598972791929,0.04500415494372148,0.04421303814999389,0.044865941318745495,0.05729880066381962,0.044033315324748024,0.27331411297508923,0.3166449181475236,1.339142307713255,0.09105771942943912,0.3677395053696457,0.8219109530829184,-0.15394963511352205,0.3458175868744325,1.0208644715742996,-0.3584325489724224,0.3526425931362901,0.932117690016472,0.16226505175184547,0.5179523781446533,0.3627986468994471,0.09563067055825437,0.32755838040886776,1.1911697132984638,0.2609802433000277,0.33848800883701674,1.3406204175534742,0.09599713668763526,0.37641285163666854,0.8056042172460613,-0.1654920590823463,0.36180344727294267,1.0160255329578538,-0.34393761686218893,0.3625632287431383,0.9372494503172695,0.1610964879598935,0.5045077984556269,0.3767350844366517,0.0965913680544011,0.34453373988160796,1.1849451344340265
4.279999999999751,1.3224689150339533,0.3645038537445516,0.6326932084262451,0.00043476854506995416,0.023722043456243513,3,-0.04778207785387019,1,1,1,0,0,1,0.04485264616454224,0.044773982545455976,0.04419332765908665,0.046197856133851994,0.05605785194419774,0.04401225904938755,0.2723027029546177,0.31188782866140025,1.3661704946760367,0.07708668268514438,0.3528497300327501,0.8558082146900466,-0.13869478231057328,0.3397234740942956,1.0347728290606195,-0.3539003249241916,0.334933676655055,0.9761840355412963,0.15821836784305146,0.47208313383907974,0.4840283303684884,0.08038347458341309,0.3252596473350414,1.1761267256195103,0.2583638210105088,0.3247828775054975,1.3579533075287253,0.08628367171067468,0.3701384125260162,0.8417034442012009,-0.14397008854954582,0.36393728828181804,1.0220197080553328,-0.34008289266771585,0.34465978238757694,0.9611314689176111,0.16107199381847245,0.4732375701642393,0.4296049158882787,0.08035402598497418,0.3453015941313639,1.163799335611124
4.2999999999997485,1.32815855727555,0.36316207845816506,0.7467195024049996,0.001502904074840404,0.0037224493082585503,3,-0.016378908319764872,0,1,1,0,0,1,0.04560974146027352,0.044558066186451695,0.04402464870448414,0.047164851961950915,0.06090526084913264,0.04389528027092923,0.2402281262022179,0.30216482072265444,1.3892085399882226,0.06361127941686565,0.338953270378114,0.887273890994654,-0.12527554129925847,0.3333278788335051,1.0475149321205983,-0.31354848279678954,0.316033215368513,1.0373724951854713,0.152963218684316,0.4083814907644811,0.6162859856590807,0.06653385950406697,0.3251460208398047,1.1592947786756511,0.23743022658854457,0.3008053979189102,1.3761710581480684,0.07603782513198618,0.3660258707800374,0.8759234137520836,-0.1211287466236967,0.3676226217808617,1.0273426634733742,-0.31808412705696154,0.31375591495700517,1.0102197820754826,0.15463799192908798,0.4107677864089492,0.5530622712831801,0.06435481780645776,0.34694592394039936,1.1401817926684716
4.319999999999746,1.3342996413291162,0.3623120448938401,0.6335164192358393,0.0021048338929529186,0.003814881028137893,3,0.00856282020508841,0,1,1,0,0,1,0.04752436391419332,0.04447146181681072,0.043724960744545766,0.05235079551330929,0.07297547451152966,0.0437197209989342,0.18354199300481433,0.2828568861644318,1.392799143800387,0.053479082416470335,0.33530171912936724,0.9145128366271154,-0.1029940678636504,0.3241016503780685,1.0571748607305236,-0.25891467830346354,0.2882101470551134,1.1013168753186307,0.14171605431505377,0.31793413807170157,0.7641220016568853,0.045678305369396106,0.3275005506405453,1.1384559932013574,0.20288013543969413,0.2681410443601054,1.3884379397225763,0.06486449012028137,0.3637899620207507,0.9107089567734191,-0.0973602350935423,0.37051443075454227,1.0313038194402506,-0.28239026332375694,0.27683067284785173,1.0690101566251216,0.1409606543224678,0.33987027194222313,0.6994483500494706,0.04875846190191341,0.34933701620083085,1.1164798019379627
4.339999999999744,1.3415805015187234,0.3625348202211627,0.7378772704995455,0.00221770123201934,0.0025769302379726527,3,0.0828294917941601,0,1,1,0,0,1,0.05675795046682802,0.04457019425470429,0.043451074907971954,0.06390680263429716,0.08755405144251605,0.04359413930172909,0.13276491754586592,0.23932669057951064,1.396572888696029,0.044450253201091174,0.32488324460348816,0.9495764480636072,-0.07675687094599355,0.3280270799799522,1.0526849919084085,-0.20436288539610994,0.23767487731524833,1.161479103262393,0.1220842298795011,0.23994427059725867,0.9009446795652462,0.03234384493827172,0.3331695837950538,1.1102768961737979,0.15835872567836184,0.23426862763811288,1.3910596876349555,0.05253382413683886,0.3625186569966442,0.9440638352149954,-0.07262898153245292,0.37311525398348355,1.0340321509612458,-0.23266241485358297,0.23926333050361626,1.1307401889743691,0.12129374359548586,0.2735592325962778,0.8462084419074659,0.033901298862514584,0.3525007379656918,1.0911375780106791
4.359999999999742,1.3498152931546896,0.3643679447116663,0.9186742491130864,0.002023673223150578,0.003133462012859887,3,0.13682537022438668,0,1,1,0,0,1,0.06901136441403499,0.044372228802871505,0.04344307778802242,0.07721831020649303,0.0982960028566274,0.0436469525401918,0.092873541254582,0.19490947098191325,1.3665548515586836,0.03454855461574103,0.3193706939985621,0.9782805829956003,-0.046993467641534614,0.3417900134029153,1.0363177094029472,-0.1510040595617594,0.18897462126734854,1.1989971198041594,0.0879449515737065,0.1861189227003401,1.0331505081263044,0.020406349312519133,0.34462326092250645,1.0724385106088887,0.10916880745199858,0.20375761297388365,1.3780292738920306,0.03896567064334109,0.36176865504794425,0.9760761799483937,-0.04785954983028357,0.3745186209359096,1.0358753579768876,-0.17115464587964319,0.20607141722047526,1.1841141855223742,0.09554969011087162,0.21910390145077618,0.9835285912305082,0.019883869156773912,0.3555745071590431,1.0655871236808478
4.37999999999974,1.3585175100657847,0.36649344856910204,0.8174089379476831,0.001690099117632497,0.003754151444869344,3,0.09733391404382598,0,1,1,0,0,1,0.08021962090381829,0.04437954615546988,0.04371200116933799,0.08686769993942495,0.10205655809038117,0.04389513751211069,0.04810604380616846,0.16508427228642877,1.3176778433119398,0.021918661155798994,0.32406344381200175,1.0022394481192363,-0.01086228216345869,0.350833990793142,1.0231396220421263,-0.08555339029279788,0.16010713850524125,1.2281099889533666,0.04350376998416045,0.15437716660338235,1.1493082846800085,0.0010232187503916488,0.35464495820167974,1.0334293938398755,0.060533332696531134,0.18018082671618665,1.3426728937799708,0.024674929674559355,0.36255250524871824,1.0074046556502263,-0.023138908951167634,0.3764893748243505,1.036681108901736,-0.1035626162483111,0.1808565200027937,1.2209858915148781,0.0625584612137697,0.17801121009644405,1.1029642792391878,0.005960040348426513,0.3590277373359381,1.0403527837840374
4.3999999999997375,1.3672764885266642,0.36740623599496286,0.45703448459389984,0.0014385181903797698,0.0062977981916989495,3,0.009392052677930727,0,1,1,0,0,1,0.0868269500888258,0.044630018565884444,0.04420290448487951,0.08930064983484917,0.09861394827238881,0.04421139312883149,-0.0064867966822078444,0.16081560830921396,1.2528050024726407,0.004242602166594861,0.32950759375970756,1.0382351172182505,0.02976566732063895,0.35185922927708585,1.0222102595388813,-0.0009958988980190136,0.15505854896630786,1.2393331749861667,0.0012740692768138306,0.1452920474083443,1.237073737355881,-0.02019054228450055,0.35365891285843115,1.003295936368702,0.014363837458108663,0.16896695866253564,1.283953764023124,0.009672945006079984,0.36326504750855404,1.0389649076283414,0.001494998854751661,0.37844204065682,1.0358067732218907,-0.031226517010163643,0.1663083649654987,1.2384021477242928,0.02381653496145658,0.15395123214523335,1.2013586197332755,-0.007072959763111795,0.3632817338957072,1.0146956737122137
4.419999999999735,1.3757992592394819,0.36693087139004926,0.24567423549352455,0.0013724231761427005,0.006550487457201338,3,-0.05897393160298556,0,1,1,0,0,1,0.08773738325693103,0.04440186702093693,0.04460228432635005,0.08550108194937392,0.09095915800576182,0.0444536345895952,-0.05856087554485746,0.1780022547440763,1.1584135068307164,-0.01657174870518166,0.3293602607447999,1.0745485851422667,0.0631363075160059,0.3479640148752272,1.0279949051710486,0.08749037589317377,0.16902849789671479,1.2272757986930167,-0.041870239800817305,0.15496864786221748,1.307566222736699,-0.039174018805619965,0.3497552010729676,0.9781524732000223,-0.02786528394641484,0.17336696424784523,1.2008253721379545,-0.006169108206513512,0.36454693702215146,1.0690509183874106,0.026101204684609334,0.380662726389047,1.0335485734398548,0.043404351997383454,0.16436439540567693,1.2349989630273877,-0.019942703961997127,0.14728601978303144,1.277552112550912,-0.01956645581847496,0.36826143050411164,0.9884927317155053
4.439999999999733,1.3841547539793988,0.3658363772710887,0.211592838026477,0.0014963910810913731,0.006518447699555852,3,-0.07932178097011758,0,1,1,0,0,1,0.08485132434032447,0.04428812206202093,0.044309549392732794,0.07903448921734896,0.08214095879280892,0.044430018822506495,-0.09213614260298941,0.20714907206320485,1.0427863773805173,-0.03591023203653439,0.3221457529871543,1.108442080736469,0.0865719017199182,0.3437105739816053,1.030712094658217,0.16010254077300734,0.19247117143864786,1.1978616405929008,-0.09147576469495454,0.17912973456605708,1.3526033236134014,-0.05615350974383311,0.3530094466863339,0.949470170226645,-0.06489065665645607,0.1957993539126726,1.094516115113423,-0.022707960950439313,0.3659534379346606,1.0976210590630349,0.05037427081554054,0.3815668465320535,1.030309441097873,0.11551240261989333,0.17601127625907304,1.2104970032296145,-0.0674899093396309,0.15767948422505237,1.3309783762423502,-0.0318363530569685,0.3734236322733638,0.9614530759442377
4.459999999999731,1.3922207061187977,0.3649676080131465,0.24958822443164466,0.001775174356389456,0.007949512146518244,3,-0.06418406295933392,0,1,1,0,0,1,0.07887583601896639,0.044092163237971715,0.04403995913479458,0.07185984418766472,0.07405367324903206,0.04447452457960349,-0.10888887089079222,0.25493123797677314,0.9076516556777092,-0.05397861538677754,0.31514139111664896,1.1381384226481297,0.10879491841097041,0.34119186308351834,1.0302614552498512,0.21427992703743154,0.2214355152770661,1.14642347160444,-0.1412724779455223,0.20715447375508456,1.3742076641962195,-0.06946584120652805,0.3587695862592274,0.9191239641535363,-0.09653132837852504,0.23537568348425683,0.9678226124600683,-0.039995478164110476,0.3668754748105704,1.1250014570948275,0.07427268274577171,0.3807666035555257,1.0262694360496623,0.18146759139954033,0.1999221970711941,1.1674576741951852,-0.1165771928316496,0.18181900250597877,1.3625546082952293,-0.043637383517489796,0.3788613099794612,0.9338014146704342
4.479999999999729,1.3996250660890506,0.3646565165376017,0.3291994426445453,0.0020698628459360773,0.009287175989573173,3,-0.04137644495678166,0,1,1,0,0,1,0.07095710998092147,0.04393064416656137,0.04390163351067797,0.0648768895274362,0.06660276872909471,0.044677472371032034,-0.126074315200252,0.31780497279836795,0.7618496742118088,-0.07063397579497017,0.310338698840091,1.161910885120224,0.13003845362539435,0.3415732369566104,1.0264010468485554,0.2624594168178843,0.2529592527392818,1.0853166383249584,-0.18784069344493784,0.2377811516318015,1.377766796880082,-0.07803579817856916,0.36621281159066643,0.8881872782691088,-0.12250372435229862,0.28934150579322765,0.8254655408596996,-0.05784381743234842,0.3670940442917462,1.1512013886466834,0.09788672995685144,0.3793489474904603,1.0218137357883965,0.2388230605233784,0.2323641130245074,1.1121441732557886,-0.1637520187729655,0.21445716170077045,1.3748244817718793,-0.05498783426445517,0.384705023069434,0.9052596883943584
4.499999999999726,1.406449305178833,0.364708602386096,0.35386399784904615,0.0021985729177607985,0.01052652015135123,3,-0.03425318108817925,0,1,1,0,0,1,0.0626843858543363,0.043844777473161456,0.043835813069723145,0.05781859785449403,0.05860195457267858,0.04495357334438818,-0.14943656529875365,0.38804754477583453,0.6121837072216254,-0.08555943750419251,0.3097205166956662,1.18054896000184,0.15017792173498337,0.34093402986977994,1.0216181330523182,0.30837539115640566,0.2887724441272479,1.026357973437976,-0.22769952123960926,0.2706016903693338,1.3683928918970594,-0.08586779199221502,0.3755502835959922,0.8568765759970332,-0.1422377191201787,0.3532512542856108,0.6752342069514126,-0.0759841221647192,0.36636126816294595,1.1767146229520336,0.12115659691309931,0.37744064222425067,1.0168699460541415,0.2846374487670978,0.2684366201950198,1.052633054630036,-0.20479317748188092,0.2502191160063335,1.3723158180105735,-0.06590249096972885,0.3910530693240628,0.8750918560113261
4.519999999999724,1.413235432808026,0.3643870270849145,0.22450415019800832,0.0019425064143829636,0.015001822111749089,3,-0.06319437106548959,0,1,1,0,0,1,0.05549596134477494,0.04386553175302846,0.043793789786885445,0.05048223426734172,0.04974938475049004,0.044417137983203264,-0.1689407620311777,0.4571024554453388,0.4765479082593785,-0.10306607516742916,0.3116308826085933,1.1996396947572165,0.1736359912233429,0.3381717477390725,1.0172943385199893,0.339662155094772,0.32392758181956127,0.9784245348719587,-0.252213131807904,0.3020300175259383,1.3547373664777786,-0.09370987779986978,0.3836358467994066,0.8228948257502124,-0.1555927270283369,0.4185922900388324,0.5315044416911144,-0.09436114094604788,0.3648524271395331,1.2011045865974903,0.1439644927420777,0.375142831464398,1.011200826392197,0.31650999251270423,0.30228811765913,0.9987247797597227,-0.23525589582041526,0.282907366889269,1.3610019285362893,-0.07643894904542278,0.3981680018617202,0.8432711890133752
4.539999999999722,1.4205079466539134,0.3634113705771505,0.2175974105926415,0.0010953299655213336,0.007631277891566093,3,-0.07298611749916688,0,1,1,1,1,1,0.04969303917922979,0.04393408108334282,0.043741625777242193,0.04400079684667016,0.04247587954672438,0.044604184862869295,-0.17433820258033306,0.5001532444645861,0.3963987242870533,-0.1201059439381668,0.3090797008184747,1.225398935154526,0.196001061483897,0.3333297973680002,1.0131272458754685,0.3481070870056689,0.34890127218302597,0.9527387085287503,-0.2567355207926502,0.3232607079644981,1.3406811867245152,-0.1062358511554549,0.38843933963461397,0.7951257022659309,-0.16276133854014502,0.4698453669607185,0.4264893460251383,-0.11300927902472577,0.3623370505529359,1.223580809179679,0.16620140504210773,0.37242162008449925,1.0047558044058813,0.33317882311845526,0.3278157480496895,0.9622812634605666,-0.2500530966725712,0.30772797175698163,1.3470986408092225,-0.08643908952960919,0.40628861294031066,0.8092872218599291
4.55999999999972,1.4283090921604848,0.36268460479997033,0.48493508734532254,0.00021730998880440105,0.040591732706481344,5,-0.002402597179161964,1,1,1,1,1,1,0.044301725985870094,0.04395343579962377,0.0437093386896239,0.042814312160776136,0.0423081043787831,0.044553508779791945,-0.1660645140126523,0.4917986238459932,0.4302757327765806,-0.13391934002869021,0.302863433622283,1.253403640686944,0.21374426116874953,0.33012187585611763,1.0055461745031549,0.33531365298761434,0.3483226665813476,0.9651576033164317,-0.2437316242245038,0.3209702083749906,1.330530241545726,-0.11853093457662367,0.40464959557419483,0.7551873737396213,-0.16316479622987948,0.48266354552441587,0.41246784540077286,-0.13178279500279075,0.35935162779218544,1.2441796692773068,0.18806087548631883,0.3681077860365098,0.9979354015224403,0.33149703290009913,0.3417495297983813,0.951682162837882,-0.24511176603843815,0.32179107383239847,1.3342738729968588,-0.0962928537582014,0.415530901696891,0.7726351252266923
4.579999999999718,1.436246992622684,0.3631975375264094,0.5316204476035676,0.0005279819911838847,0.01605628787851749,5,0.0510406676358757,0,1,1,1,1,1,0.045928346582955054,0.043921475979468605,0.04376459513825173,0.04368283512016824,0.043338709637391754,0.04499950027278579,-0.15621690570294786,0.4525778880051437,0.5192196694574565,-0.15480284700814995,0.30432338024386973,1.2718449016869786,0.23655946591420204,0.33460507111828114,0.9904528012265875,0.31120002775791056,0.34440465865598824,0.9795665148476526,-0.21936456862241915,0.3187744405225284,1.3155648642412188,-0.1272292161171162,0.41851614870110715,0.7120159040295361,-0.15744431640102083,0.46078232804900854,0.4821094992810652,-0.15044659509972189,0.35464969834096044,1.2639464930489845,0.20908854784047562,0.36320008069326315,0.9912698648718216,0.31434402612952994,0.3450967286741372,0.9636317711997254,-0.22371290425614704,0.3271008167023255,1.3212395090994937,-0.10572962601159319,0.42589658436234895,0.7330165487732886
4.599999999999715,1.4438047630411786,0.36413166378170414,0.4620857657212525,0.0004857995336913874,0.00428898755845091,4,0.03475904022674425,0,1,1,1,1,0,0.04823242071274508,0.04394725482103104,0.04394193312494504,0.04417797311515306,0.043976450848115356,0.045023617108974706,-0.14637478154797517,0.4352395291379342,0.5639485102879214,-0.1803513485984533,0.311932522637409,1.283251791943071,0.2597034023927789,0.3380057140958698,0.9769781932870315,0.2834957098094655,0.3469170301647822,0.985802051293529,-0.19457922889794502,0.3159860242826678,1.2993600564231775,-0.12627320317217725,0.43480921052294075,0.6632234615323287,-0.15050826130492256,0.4415976438743388,0.545343057104241,-0.16908790738604523,0.3503871536193779,1.2822169453874357,0.22925531889234615,0.3593765480940124,0.9844746063826384,0.29467228190234385,0.34813573466280495,0.9747478173387966,-0.20262441528749756,0.3305368349040609,1.3060828085079486,-0.11534778570143439,0.43773682875479203,0.6914949776786683
4.619999999999713,1.450764458402243,0.3642453174071642,0.6929723846057854,0.0004406446829452894,0.003954543064552275,4,-0.013489874182332906,0,1,1,1,1,1,0.04730643622930855,0.04406638108243563,0.04419250749675871,0.044382902205593766,0.04427399623950015,0.0448756510345098,-0.1408380653500091,0.41304732416420936,0.6227632362603341,-0.20069632113875438,0.3116165099027523,1.2998247707134511,0.2714481731169368,0.3361636101524155,0.9710180151503495,0.26138419878438696,0.3483506434603215,0.9927267320363719,-0.18320609372882746,0.315999358864376,1.283201349305403,-0.12717347026099388,0.4533597701625494,0.6265761410294659,-0.1425764216685477,0.4253601018722792,0.6006655342687748,-0.18787099223225018,0.3474364589974182,1.2988299098474032,0.24872386849519473,0.35706060332740575,0.9772436658763461,0.27381418839191457,0.3507612184902715,0.9844773856778175,-0.18259373869487672,0.33278834706948063,1.289962338497211,-0.12516350235769555,0.4513377112793139,0.6469285880884952
4.639999999999711,1.4575586515815617,0.36380898466268896,0.8225184482164449,0.0004334987749689218,0.012786607069553448,5,-0.015247462734587752,1,1,1,1,1,1,0.04329599912648355,0.04416773951653627,0.04433193944622468,0.044433733913843754,0.04434217699054541,0.044853249260877776,-0.13074465596937693,0.401826253027752,0.6758811930636865,-0.21951902403012566,0.30835347672378616,1.3189688896039569,0.28739712386068544,0.3357522039230141,0.964334189958378,0.2416420034829651,0.3454630739920887,1.0027188746127418,-0.1662106920163851,0.31626691462699125,1.2678447796887165,-0.13374129689770065,0.4741026375513278,0.5727999389271919,-0.1342510462382603,0.4127947854753685,0.6514646437488841,-0.20694860458951786,0.34462532159689585,1.314555741581689,0.2677444707498427,0.3549573606930664,0.9694008648904547,0.25274333902235585,0.3534891997088577,0.9936578844084258,-0.1629683311761289,0.3356267373243631,1.273262792238863,-0.13460361665187973,0.4670684737114304,0.5978981012990262
4.659999999999709,1.4641082920106354,0.3638074418062213,0.7383726710124322,0.0004449917751861302,0.00500693688564189,6,0.011135647989994028,1,1,1,1,1,1,0.043397490691509055,0.04421008365913945,0.044397292207678685,0.04436447966439924,0.04427438164164804,0.044939680384338626,-0.11874512952275745,0.38918618609983485,0.720873489063991,-0.24057656858405335,0.3107929568152947,1.3329198987071385,0.3089307407391632,0.33829565596785405,0.9525706964636367,0.21992716441386972,0.3444229344055127,1.0100963648814731,-0.1431546817760496,0.315335524306865,1.2513940395588479,-0.1449758955353313,0.48988379920186376,0.5209955737277254,-0.1259755553910889,0.4026722616513412,0.698908865253873,-0.22657701300932298,0.34074866059861236,1.3298208359658124,0.28634847244803807,0.35308566098440847,0.9608488853320902,0.23154362524308109,0.3566486232902533,1.0023234852911593,-0.14388122107512685,0.33856163229058284,1.2548876830486864,-0.1435734605017795,0.4853989871775068,0.5443226428958025
4.679999999999707,1.4701604607850598,0.3640473604249909,0.7055365347716027,0.0004691950614006976,0.005338746125131048,5,0.010645082461052948,1,1,1,1,1,0,0.044285662785034624,0.044262865392309725,0.044641400450721874,0.04427572859884704,0.0441888723525041,0.04509746387706312,-0.10969642228252464,0.3768434992271534,0.7591318040917613,-0.260683882403592,0.312468095600604,1.3454792316961994,0.32496405475838697,0.34149237574705105,0.9413508409831818,0.19952848719852287,0.3438734858371428,1.015894646135935,-0.12565232977681046,0.31744524594006873,1.2325634991184033,-0.1581949676857157,0.5143624522051976,0.4532197045077981,-0.11678389601020082,0.39402857201282315,0.7421055539136917,-0.24675534716676478,0.3373206975268049,1.344478244580691,0.30449481976701015,0.3513627837813711,0.9516513174933176,0.20878727985774698,0.36047390902585785,1.0089567282793142,-0.12594804072198543,0.3412694495990972,1.2352139358334484,-0.1526932574410251,0.5068109440611667,0.4848614464855633
4.699999999999704,1.4759458475888714,0.3642001043613499,0.7072463338428272,0.0005295509510712156,0.00285169188687727,4,0.0016847725667607756,1,1,0,1,1,1,0.044858494280602845,0.04434507169765889,0.04503535148896301,0.044212864870484175,0.044135173167594466,0.04477336597982251,-0.10121732666418065,0.3658850811417229,0.7937761076622825,-0.27964187906084165,0.31298207962550606,1.35809569483465,0.3378736720721987,0.34396187838100334,0.9337758796776567,0.18058687792450276,0.3428761958480859,1.0213412191883318,-0.11005858753485305,0.32021435576755003,1.2138486255875436,-0.16856324169031006,0.5419781707777616,0.3851366737099732,-0.10718668307116434,0.38664109702630667,0.7824382035757738,-0.26747435527701413,0.33436390342721956,1.3579419285673278,0.3221162955461138,0.350440902326738,0.9416572788480249,0.18586611832077787,0.36417647341840265,1.0150641445981106,-0.10861372912190828,0.3438306610255055,1.2150410543085848,-0.16169164735456745,0.5325524616982037,0.4163486288239525
4.719999999999702,1.4816898005518242,0.36385986270508636,0.6702865691461134,0.00023847487613290914,0.04382675833095493,5,-0.011233700635237369,1,1,1,1,1,1,0.04481555258432046,0.04467242728562337,0.04486844467752105,0.04413831018405495,0.0440647629600964,0.04495247011926995,-0.08945645700483572,0.35638570409448295,0.8295295538841052,-0.2961078811328443,0.312317149142547,1.3741078393936395,0.3443925661888793,0.34078436840953563,0.9464409118961751,0.16276795274646796,0.34073850738485895,1.027816877963517,-0.0910563578731409,0.31968054250340233,1.1982218074872544,-0.17381675967997692,0.5392899873705573,0.38589805036303754,-0.097153890067549,0.38059542978359234,0.8200438475562569,-0.2796587994344945,0.32579200953087767,1.3720235958768792,0.33131668842733736,0.3427723524344341,0.9437755533125092,0.16224437350083074,0.36809883698137746,1.0203033446132348,-0.09195255868506638,0.3465141091698437,1.19384267216863,-0.16721697511529024,0.5400230977419264,0.38893227638670663
4.7399999999997,1.4870963994600903,0.3630153725359687,0.7224656401447422,0.0007077884321361624,0.001563666570328347,3,-0.005384344106281309,1,0,0,1,1,0,0.04470987642502797,0.04588514435068511,0.04751263820609464,0.044019549753718246,0.0439525532552939,0.04676359497618007,-0.07845211927520708,0.3442574683160702,0.8636605116510226,-0.2819727654074444,0.30283370419809064,1.397405452985832,0.330943631792961,0.32117617555698236,0.9944246346641871,0.14942600583522014,0.33493632490614156,1.036709442496592,-0.07337998634286946,0.32135592316264006,1.1827413905424538,-0.17041681030420086,0.48099393452095485,0.522292317850204,-0.0873532545799705,0.37515707615678867,0.8560603921796602,-0.2712940812923732,0.30457238514700996,1.387762924164586,0.3220021427010006,0.3207321325243995,0.9738697966763264,0.13893702021257945,0.37166763240356276,1.0254888001454898,-0.07560837029449832,0.3489775620435815,1.1721411085800146,-0.1648835143962279,0.49947203719900807,0.466998650128125
4.759999999999698,1.4925359224840669,0.3624366804083945,0.7747189178679852,0.0017301289493054741,0.0019965971335500023,3,0.016790546329253725,1,0,0,1,1,0,0.04459122989713035,0.0478954206188551,0.052946724083243746,0.04383022941644518,0.043812889308167596,0.05110347036876975,-0.07431865277395938,0.33597432738923705,0.8927954812193835,-0.23389614986169174,0.28463153764005295,1.4120783141216582,0.28421056386569793,0.2933714648574858,1.0531171747481347,0.1298718801920555,0.32819256061753077,1.0436819344178463,-0.05995750462575702,0.3264707305252501,1.163824328004939,-0.15802886575106884,0.41846549118785786,0.6626674903792082,-0.07723013469560873,0.3699927048704251,0.8901159033002232,-0.24563928051403797,0.2732626012904294,1.4030766543760673,0.29622188175292835,0.28800207628809005,1.0243527534616663,0.11499992259569933,0.37505418302144533,1.0294144135181689,-0.060002598176956294,0.35155128705383737,1.1495929254913506,-0.15555305110122247,0.43432072554411033,0.6011843661799045
4.779999999999696,1.4990869295605553,0.36224053973096326,0.5843517054932893,0.0021864330994426037,0.0022389735177259025,3,0.043290694746477724,1,0,0,1,1,0,0.04464875661897866,0.05583264536929619,0.06304426821592951,0.043593514962453145,0.04366590199884654,0.058838803691359104,-0.06929167130974499,0.33368524956191437,0.9237911251249893,-0.18644227593534457,0.24701330213842046,1.420656756327187,0.23228426659652537,0.24895869571471965,1.1136786065213444,0.0963582507873818,0.32587108519122154,1.0447710169045301,-0.043269077309204935,0.3261520334563035,1.1440930781016139,-0.13812889753526925,0.3428660310566424,0.8146120234554047,-0.06618715005578844,0.3651025358235248,0.9220543608108378,-0.20734955235089514,0.23690087252238998,1.4123734104785284,0.2565535409821957,0.25049413209838634,1.08429750379577,0.09017257543528852,0.37787154014248076,1.0319769646123116,-0.045347762530602964,0.35404031188702895,1.1262009485003057,-0.13992014828586158,0.3653271969393646,0.7506428050096026
4.799999999999693,1.506898986159045,0.3630563907670223,0.5194695364556687,0.0021615909143418276,0.002005993236994727,3,0.0991264432310392,1,0,0,1,1,0,0.044714528090332634,0.06890874474289416,0.07550382177468917,0.04346686513987766,0.043569811314057405,0.06848478334202132,-0.05774084960374857,0.3284457520443799,0.958214674618877,-0.14121760275028414,0.19662583539754103,1.4062647115063858,0.18474586618457314,0.19829774504567751,1.164450509827861,0.0629945200446264,0.3342294156479838,1.0355674513491602,-0.027303582533331174,0.3283895047806525,1.1162795435109931,-0.1082281094879275,0.27964761818508216,0.9540560970396669,-0.054979111565262154,0.35998445678327357,0.9526410573714983,-0.16109510405669086,0.20094723034143638,1.4090779137808782,0.20494590539116742,0.21439612073782413,1.142922223075625,0.06528716731667679,0.3798699489031601,1.0337846860284203,-0.03133198655762657,0.355732428572721,1.1021063107878175,-0.11792462619595342,0.30275941699349546,0.8961421961482624
4.819999999999691,1.5155127042521113,0.3648883502075749,0.6616348694041814,0.0019194535291655215,0.0036908440865520966,3,0.1210317272105646,1,0,0,1,1,0,0.044508401053195534,0.08286230048605459,0.08543617763917188,0.04358753698429482,0.04363250818789255,0.07757413308476119,-0.04445445651086959,0.3246076941642668,0.986678079712534,-0.09411008897386985,0.15136261434470016,1.371325616050226,0.12574341995623403,0.1614900222210377,1.2046406303318138,0.03045910669307627,0.34724377370068904,1.0223685127855695,-0.015220902259588198,0.3381588187372295,1.077785019459318,-0.0756325806459378,0.2338213988442418,1.0810084730586613,-0.04243952635312252,0.3560447908279398,0.9809639705045228,-0.11136997509739241,0.17068802769711594,1.3893375141489117,0.14360747689450556,0.18249809387566643,1.1920430824181196,0.03825069165676332,0.3827368869222037,1.0323019688988713,-0.018230245810237362,0.3584763876180028,1.0767179488543197,-0.09017616671031638,0.25128930320253173,1.0288836168416622
4.839999999999689,1.5245338312736338,0.3667255608518692,0.6703105433720484,0.0016062739286821783,0.005052122476759554,3,0.08192192936807968,1,0,0,1,1,0,0.04440803466354898,0.09223828842134082,0.08966390822433129,0.043878536004152924,0.043863273450534035,0.0843170473631083,-0.02632339285918335,0.3261038734339676,1.0110193963037146,-0.04171806085214147,0.1340562524590182,1.320937027664114,0.05015479321186795,0.14631613182725473,1.2324850570564054,-0.0064076510301975375,0.35830848834714324,1.0133305437649878,-0.0012182569313093318,0.3448284486177656,1.038478743747906,-0.042425685003741956,0.20020800958295568,1.18943566562137,-0.02920128637303856,0.35290275665457255,1.007873075590913,-0.06190443365763333,0.15110479654276407,1.3476986529535864,0.07522319451721994,0.160164586895529,1.224768622685776,0.010437914038531438,0.3855130257464768,1.0293656294288522,-0.005836923084494716,0.36158300012774175,1.0497906169465792,-0.056471765981890104,0.21487431111691965,1.1431340816451088
4.859999999999687,1.5335785297885478,0.36748411199782477,0.6564338313321465,0.0013892368010473197,0.005518075559854188,3,-0.000383332755156977,1,0,0,1,1,0,0.044510875636759484,0.09446986129725338,0.08819228014528938,0.04426224650606253,0.044157513353153155,0.08612050551169054,-0.004311120103700076,0.32485415170483417,1.039800370603991,0.011739268308830741,0.14371479710455934,1.2487391022748935,-0.033784208327557755,0.15092827357573396,1.2376205493542962,-0.04079855498156265,0.3624244747260912,1.0130195121052945,0.015442782185228238,0.3475380905578488,1.0040155790792733,-0.00023126665184513033,0.1867113637287152,1.267831089630618,-0.015323371876726641,0.35130926918900685,1.0335000656127962,-0.015428502496002038,0.14580812575977997,1.2826682681397303,0.003215304646353543,0.14977458422772844,1.2371142923541245,-0.018071752839915568,0.3881966386621797,1.0257674161750414,0.006138401568111053,0.365298679755345,1.0207519626356008,-0.01730326897881933,0.19550379472999402,1.2355952416906464
4.879999999999685,1.5424061662378554,0.3669624076185322,0.6816068690278674,0.0013590829657042067,0.008084407533584439,3,-0.06187697977537346,1,0,0,1,1,0,0.044351279960999634,0.09145502753258247,0.08386701299223284,0.04441018220949877,0.044440419829426814,0.08281859230447067,0.014351000716380673,0.3179759742375209,1.0715257431022387,0.052355563269640935,0.16839444305803006,1.1500994773134061,-0.1131256556169452,0.16532691947471603,1.2214146665332697,-0.07046646817554943,0.35999250553420375,1.0182552526312476,0.029820508278937792,0.35111404270428326,0.9734285233026313,0.04956867514118009,0.1942491193365511,1.3277252104986963,-0.0005517266617364961,0.35165294587296636,1.0583178957869592,0.02677884891313314,0.15764227900998673,1.1934169256327174,-0.06890359418827353,0.15285619214580182,1.2281176129475442,-0.04609676713113261,0.3903009768401132,1.02245417230002,0.01813712723203282,0.3698127066755371,0.9904378254707328,0.026436808965998093,0.19298228638607204,1.3037620567702126
4.899999999999682,1.550958742286296,0.36607969259015666,0.6591078841046929,0.001540697657261212,0.008711877960005353,3,-0.0669907375595511,1,0,0,1,1,0,0.04412906054966714,0.08579740619212453,0.07861353354836653,0.04420864274864619,0.04452742611226379,0.07529599961249325,0.0309318834793529,0.3117959802177295,1.101085958936432,0.07976990695655467,0.2076570844621102,1.0273468686617702,-0.1755362414190218,0.18655348310331368,1.1832618923410367,-0.09961767747537378,0.3557284215164727,1.0223277177806362,0.04269137214935499,0.35625838338814547,0.9421944895528083,0.0990418130773963,0.21941281492006842,1.3630567978570494,0.015378610118423917,0.35267741140747877,1.0821080103145861,0.063986829723634,0.18772880706201034,1.081090115942933,-0.13755818032082812,0.16933078907822,1.1989730631647997,-0.07332345020430764,0.3914450438174677,1.018726038838822,0.029796320002383886,0.3744138181345955,0.9592439127031613,0.0733361404066001,0.20553750868423976,1.347656252114516
4.91999999999968,1.5589720443729127,0.3656422628699927,0.5250804545836546,0.001853008398931937,0.00787489536448466,3,-0.04491133908166822,1,0,0,1,1,0,0.043960625220936994,0.07919077849932804,0.07275000919274657,0.04397794761666621,0.04453630711774087,0.06569910561104789,0.04786751173483186,0.3118856776139656,1.1233090326235589,0.10493958435011051,0.26164239734289935,0.8886790077585515,-0.2254313948820815,0.21612127877213788,1.1294476664976094,-0.12911412961060453,0.3520057551793842,1.0227458923484394,0.055984416730238136,0.3620532353540416,0.9096454455439273,0.1453765332120579,0.25276930317459334,1.37616384981962,0.03210157345982385,0.3531868172145754,1.1049446788059805,0.09548374357840576,0.23469808790399804,0.9491253459701426,-0.19926840919643782,0.1972035733183793,1.1530593233352464,-0.09946460676237087,0.3913987690498064,1.0142399925914418,0.04089610771540457,0.37874194335440914,0.9270502825574927,0.12124763441900788,0.2296948535857434,1.3696969461938726
4.939999999999678,1.5662349536443827,0.36569944435407653,0.3954612605304579,0.00214646431211303,0.006868082744528158,3,-0.03196629674780414,1,0,0,1,1,0,0.043877962409465454,0.07242850370160486,0.06586703277150788,0.04380167163676113,0.044591202783240774,0.056450688306731306,0.0631324370185628,0.31421535340085593,1.140964656329019,0.1321319843060921,0.3266366203312636,0.7379059278063572,-0.274712679807239,0.25250310542079457,1.0696764454390413,-0.1561311407769229,0.3508083560814388,1.018322213037182,0.06714538774942712,0.3693224466171077,0.8771215877663362,0.18970500835976434,0.2876428030393066,1.3745759109213533,0.04921234978069913,0.3528190280292371,1.1270738837092398,0.12091769774882999,0.29531492128960074,0.80267590104772,-0.25127695300404895,0.2329571396015181,1.0963516196713827,-0.12409172010506443,0.38995258934262966,1.0097420136224402,0.051605091892008036,0.382978436679183,0.8941065687028615,0.16686813913894805,0.2603789405828609,1.37376703792192
4.959999999999676,1.5731371154924816,0.36573737442079013,0.3024224742705907,0.0022175137105384358,0.006244423450102901,3,-0.045077743090438036,1,0,0,1,1,0,0.043893176681441964,0.06568696628576612,0.057663494932780446,0.04372053700404746,0.0446562282580715,0.048554710700393966,0.078208613610959,0.3153552884638357,1.159343612022444,0.15537172663503435,0.3972955387402924,0.5863700237521176,-0.3171521227276287,0.2925845190440329,1.0118581652197423,-0.18054122040037532,0.3505023745959997,1.0116228388079298,0.07781491379157854,0.3764956996414363,0.8458013360651785,0.22789064439988505,0.3177860075691388,1.361402830982656,0.06666159548968073,0.35204888332382345,1.148644520202166,0.14013658446338695,0.3639550944654096,0.650669721274267,-0.29132465129072177,0.2713325652831137,1.0373937066810928,-0.14725710521474267,0.3871692906772122,1.0056927950323444,0.0621420534954497,0.38756599779269646,0.8603737667374541,0.20579241110014798,0.291759995743856,1.3651057586596895
4.979999999999674,1.5802419601769828,0.3652554513998953,0.2516413626901511,0.0018316584015228897,0.00579972209119811,3,-0.06564027109486818,1,0,0,1,1,1,0.043945889810644956,0.05858533515528361,0.04903105895019841,0.043734073402759505,0.04462556192697961,0.043134727929971556,0.09514105019920431,0.3130246811182697,1.1822048761218547,0.16744940297284297,0.4626589732939111,0.4572613332740973,-0.3382859906168399,0.32923484248436224,0.9682613865789482,-0.20195512096020946,0.3482456990305553,1.0064033256618623,0.09050389620142756,0.38409603274815235,0.813737789146095,0.24675288910335028,0.3345175679717429,1.343749341717284,0.0842257990403305,0.35126900348270174,1.170023798639207,0.15290967982453393,0.4306921865558469,0.510785668191321,-0.31724474549327486,0.3061557886769093,0.9865551597166119,-0.1689147877290034,0.3832053535362563,1.002120421750952,0.07262134708682852,0.3926344850489164,0.8256787489799652,0.23329190803089042,0.31847950551010573,1.349513175410378
4.999999999999671,1.5875309753484104,0.36446493746178926,0.4990771707488784,0.0008498085658661193,0.027136021633274707,4,-0.046584234895986947,1,0,1,1,1,1,0.04393258969115002,0.05039749270806773,0.04262483100910258,0.04381553289009668,0.044719876644411516,0.04309988222599753,0.11180836138893191,0.3024946372728239,1.210311499980243,0.16890290739561178,0.49897114111814594,0.397052672915851,-0.33490540764535953,0.3482770931593254,0.9517600190128351,-0.21391876366222431,0.3465667288237981,1.0017824244617821,0.10235366008186814,0.39827442042891587,0.7775075697725726,0.24160386902743672,0.33507443251067887,1.332273098110299,0.10200484871199014,0.35054517765710197,1.1914399309334625,0.1589364980394428,0.47671527810602804,0.42118423707261327,-0.32703176437440185,0.33153754443362404,0.9549501316380475,-0.18905908510373687,0.3783032455342357,0.9984810536811219,0.08300366164265173,0.3982736915250953,0.7899321349694203,0.24474098605543718,0.3358956299401711,1.3320592577849522
